{
  "qm9": {
    "MMD": {
      "mean": 0.46391423470865645,
      "std": 0.23881640451002614,
      "median": 0.3613069644718052,
      "min": 0.23716226482362454,
      "max": 1.0,
      "runtime_seconds": 0.016482830047607422,
      "runtime_per_graph_ms": 1.6482830047607422
    },
    "GED": {
      "mean": 0.5243792361338129,
      "std": 0.12941254922111142,
      "median": 0.513157894736842,
      "min": 0.36,
      "max": 0.7142857142857143,
      "runtime_seconds": 0.009828805923461914,
      "runtime_per_graph_ms": 0.9828805923461914
    },
    "KERNEL": {
      "mean": 0.2660241583792845,
      "std": 0.14712122336076833,
      "median": 0.20264705540717098,
      "min": 0.08297603042060664,
      "max": 0.5996213913018951,
      "runtime_seconds": 0.020711660385131836,
      "runtime_per_graph_ms": 2.0711660385131836
    },
    "EMB": {
      "mean": 0.261731540452562,
      "std": 0.3303073262425358,
      "median": 0.10772924198067475,
      "min": 0.0,
      "max": 1.0,
      "runtime_seconds": 0.0031516551971435547,
      "runtime_per_graph_ms": 0.31516551971435547
    },
    "SET": {
      "mean": 1.0,
      "std": 0.0,
      "median": 1.0,
      "min": 1.0,
      "max": 1.0,
      "runtime_seconds": 0.01241159439086914,
      "runtime_per_graph_ms": 1.241159439086914
    }
  },
  "arxiv": {
    "MMD": {
      "mean": 0.623674787677714,
      "std": 0.20959885606026554,
      "median": 0.5335292909011579,
      "min": 0.30021679371550775,
      "max": 1.0,
      "runtime_seconds": 0.0400545597076416,
      "runtime_per_graph_ms": 4.00545597076416
    },
    "GED": {
      "mean": 0.7995515695067265,
      "std": 0.399777985401718,
      "median": 1.0,
      "min": 0.0,
      "max": 1.0,
      "runtime_seconds": 0.02061176300048828,
      "runtime_per_graph_ms": 2.061176300048828
    },
    "KERNEL": {
      "mean": 0.0876542234965668,
      "std": 0.1161902187120651,
      "median": 0.03162322148348801,
      "min": 0.0003049595418008755,
      "max": 0.3841428166879516,
      "runtime_seconds": 0.03570103645324707,
      "runtime_per_graph_ms": 3.570103645324707
    },
    "EMB": {
      "mean": 0.3213895109072502,
      "std": 0.35530522975548545,
      "median": 0.18485310528783908,
      "min": 0.0,
      "max": 1.0,
      "runtime_seconds": 0.004489898681640625,
      "runtime_per_graph_ms": 0.4489898681640625
    },
    "SET": {
      "mean": 1.0,
      "std": 0.0,
      "median": 1.0,
      "min": 1.0,
      "max": 1.0,
      "runtime_seconds": 0.055493831634521484,
      "runtime_per_graph_ms": 5.549383163452148
    }
  },
  "reddit": {
    "MMD": {
      "mean": 0.7573942758909877,
      "std": 0.12818975233213337,
      "median": 0.7232554178674876,
      "min": 0.6225368390296464,
      "max": 1.0,
      "runtime_seconds": 0.024980545043945312,
      "runtime_per_graph_ms": 4.9961090087890625
    },
    "GED": {
      "mean": 1.0747289178421249,
      "std": 0.011617285070482356,
      "median": 1.0741989881956155,
      "min": 1.056338028169014,
      "max": 1.0930232558139534,
      "runtime_seconds": 0.014217138290405273,
      "runtime_per_graph_ms": 2.8434276580810547
    },
    "KERNEL": {
      "mean": 0.013211668067847682,
      "std": 0.015310095301674634,
      "median": 0.006922336682027019,
      "min": 0.002025316916065334,
      "max": 0.0433699694708336,
      "runtime_seconds": 0.021926164627075195,
      "runtime_per_graph_ms": 4.385232925415039
    },
    "EMB": {
      "mean": 0.8536862703880326,
      "std": 0.1186460897295549,
      "median": 0.8309489698388163,
      "min": 0.690065559342354,
      "max": 1.0,
      "runtime_seconds": 0.0032961368560791016,
      "runtime_per_graph_ms": 0.6592273712158203
    },
    "SET": {
      "mean": 1.0,
      "std": 0.0,
      "median": 1.0,
      "min": 1.0,
      "max": 1.0,
      "runtime_seconds": 0.030664682388305664,
      "runtime_per_graph_ms": 6.132936477661133
    }
  },
  "protein": {
    "MMD": {
      "mean": 0.3322657733658875,
      "std": 0.2692825996850797,
      "median": 0.2117223932347289,
      "min": 0.13832680709107,
      "max": 1.0,
      "runtime_seconds": 0.0257718563079834,
      "runtime_per_graph_ms": 2.57718563079834
    },
    "GED": {
      "mean": 0.8527396567032562,
      "std": 0.30502768800486174,
      "median": 0.9729874776386405,
      "min": 0.0,
      "max": 1.0714285714285714,
      "runtime_seconds": 0.025177478790283203,
      "runtime_per_graph_ms": 2.5177478790283203
    },
    "KERNEL": {
      "mean": 0.46636309071120063,
      "std": 0.08633774134425268,
      "median": 0.467280571508183,
      "min": 0.33824139067365677,
      "max": 0.6219847287279253,
      "runtime_seconds": 0.045363426208496094,
      "runtime_per_graph_ms": 4.536342620849609
    },
    "EMB": {
      "mean": 0.2800528266265032,
      "std": 0.28192217610234144,
      "median": 0.18596656070629897,
      "min": 0.0,
      "max": 1.0,
      "runtime_seconds": 0.0034401416778564453,
      "runtime_per_graph_ms": 0.34401416778564453
    },
    "SET": {
      "mean": 1.0,
      "std": 0.0,
      "median": 1.0,
      "min": 1.0,
      "max": 1.0,
      "runtime_seconds": 0.0354917049407959,
      "runtime_per_graph_ms": 3.54917049407959
    }
  }
}