{
  "dataset": "arxiv",
  "seed": 1,
  "k": 3,
  "weights": {
    "structural": 0.4,
    "edge": 0.3,
    "bridging": 0.3
  },
  "corpus_size": 8578,
  "eval_size": 954,
  "init_time_seconds": 70.80876302719116,
  "novelty_scores": {
    "mean": 0.5659189132274868,
    "std": 0.11550542578067868,
    "median": 0.5830407916477955,
    "min": 0.18103376937521887,
    "max": 0.8515494711443959,
    "q25": 0.49776625003449404,
    "q75": 0.6374444113762072
  },
  "component_scores": {
    "structural": {
      "mean": 0.7354077109276329,
      "std": 0.18827353066989455
    },
    "edge": {
      "mean": 0.8339803967421903,
      "std": 0.1841866648241719
    },
    "bridging": {
      "mean": 0.0718723661125887,
      "std": 0.10074783316988947
    }
  },
  "runtime": {
    "mean_seconds": 0.008488919749949713,
    "total_seconds": 8.098429441452026,
    "graphs_per_second": 117.80061886035898
  }
}