{
  "dataset": "arxiv",
  "seed": 5,
  "k": 3,
  "weights": {
    "structural": 0.4,
    "edge": 0.3,
    "bridging": 0.3
  },
  "corpus_size": 8613,
  "eval_size": 957,
  "init_time_seconds": 72.38459801673889,
  "novelty_scores": {
    "mean": 0.5597491239389237,
    "std": 0.11758675515206729,
    "median": 0.575014906598505,
    "min": 0.18214733937746885,
    "max": 0.9193805152408966,
    "q25": 0.4881616569818319,
    "q75": 0.634067293044977
  },
  "component_scores": {
    "structural": {
      "mean": 0.7281274575934802,
      "std": 0.1870803680252706
    },
    "edge": {
      "mean": 0.8300914585971187,
      "std": 0.18909337238290255
    },
    "bridging": {
      "mean": 0.0649023444079867,
      "std": 0.10416160740014431
    }
  },
  "runtime": {
    "mean_seconds": 0.008855290547433692,
    "total_seconds": 8.474513053894043,
    "graphs_per_second": 112.92684239364739
  }
}