{
  "dataset": "arxiv",
  "seed": 9,
  "k": 3,
  "weights": {
    "structural": 0.4,
    "edge": 0.3,
    "bridging": 0.3
  },
  "corpus_size": 8583,
  "eval_size": 954,
  "init_time_seconds": 74.19459199905396,
  "novelty_scores": {
    "mean": 0.5675744044372231,
    "std": 0.11349779296531703,
    "median": 0.5815835959729085,
    "min": 0.18194238374875352,
    "max": 0.839294670323508,
    "q25": 0.5004223682583566,
    "q75": 0.6402728072955504
  },
  "component_scores": {
    "structural": {
      "mean": 0.7347675418295334,
      "std": 0.18447839395821392
    },
    "edge": {
      "mean": 0.8358995410159751,
      "std": 0.1793527689401738
    },
    "bridging": {
      "mean": 0.07632508466872409,
      "std": 0.10828737073189029
    }
  },
  "runtime": {
    "mean_seconds": 0.009064125564863097,
    "total_seconds": 8.647175788879395,
    "graphs_per_second": 110.32503828901932
  }
}