{
  "dataset": "arxiv",
  "seed": 6,
  "k": 3,
  "weights": {
    "structural": 0.4,
    "edge": 0.3,
    "bridging": 0.3
  },
  "corpus_size": 8568,
  "eval_size": 952,
  "init_time_seconds": 70.66628766059875,
  "novelty_scores": {
    "mean": 0.5589694979738425,
    "std": 0.11720961362258026,
    "median": 0.5768222071777921,
    "min": 0.17942450579222874,
    "max": 0.8072868089399936,
    "q25": 0.48511720355223353,
    "q75": 0.6354647045015153
  },
  "component_scores": {
    "structural": {
      "mean": 0.7260214424163319,
      "std": 0.18910865523472625
    },
    "edge": {
      "mean": 0.8258195912195407,
      "std": 0.18989495901460873
    },
    "bridging": {
      "mean": 0.06938347880482533,
      "std": 0.09848409242203034
    }
  },
  "runtime": {
    "mean_seconds": 0.00871283742560058,
    "total_seconds": 8.294621229171753,
    "graphs_per_second": 114.77317332488497
  }
}