{
  "dataset": "arxiv",
  "seed": 4,
  "k": 3,
  "weights": {
    "structural": 0.4,
    "edge": 0.3,
    "bridging": 0.3
  },
  "corpus_size": 8601,
  "eval_size": 956,
  "init_time_seconds": 71.92737078666687,
  "novelty_scores": {
    "mean": 0.5644680481926411,
    "std": 0.11409086086053827,
    "median": 0.5840313354916987,
    "min": 0.18253685145046358,
    "max": 0.830468583282665,
    "q25": 0.4933020883541207,
    "q75": 0.6384227880402459
  },
  "component_scores": {
    "structural": {
      "mean": 0.7330840282574653,
      "std": 0.18640826907169739
    },
    "edge": {
      "mean": 0.8328613898787368,
      "std": 0.18250674685484325
    },
    "bridging": {
      "mean": 0.07125339975344627,
      "std": 0.10283649108261211
    }
  },
  "runtime": {
    "mean_seconds": 0.008535157437105059,
    "total_seconds": 8.159610509872437,
    "graphs_per_second": 117.16245510043906
  }
}