{
  "dataset": "arxiv",
  "seed": 7,
  "k": 3,
  "weights": {
    "structural": 0.4,
    "edge": 0.3,
    "bridging": 0.3
  },
  "corpus_size": 8581,
  "eval_size": 954,
  "init_time_seconds": 70.59358358383179,
  "novelty_scores": {
    "mean": 0.5611993548563553,
    "std": 0.11540376822019222,
    "median": 0.5806909429131116,
    "min": 0.18052937232951294,
    "max": 0.7996564273575422,
    "q25": 0.4881130449193139,
    "q75": 0.6386473316010443
  },
  "component_scores": {
    "structural": {
      "mean": 0.7326007019952833,
      "std": 0.18902774361496835
    },
    "edge": {
      "mean": 0.8269358316964626,
      "std": 0.18710384429047383
    },
    "bridging": {
      "mean": 0.0669277484976771,
      "std": 0.09361381517217603
    }
  },
  "runtime": {
    "mean_seconds": 0.009105913544101035,
    "total_seconds": 8.687041521072388,
    "graphs_per_second": 109.81874527546078
  }
}