{
  "dataset": "arxiv",
  "seed": 0,
  "k": 3,
  "weights": {
    "structural": 0.4,
    "edge": 0.3,
    "bridging": 0.3
  },
  "corpus_size": 8569,
  "eval_size": 953,
  "init_time_seconds": 70.40038323402405,
  "novelty_scores": {
    "mean": 0.5597405526138987,
    "std": 0.11413281238730498,
    "median": 0.5763042303207774,
    "min": 0.17887293860362208,
    "max": 0.8064398875717396,
    "q25": 0.483842845747289,
    "q75": 0.6357544435564756
  },
  "component_scores": {
    "structural": {
      "mean": 0.7223239674441864,
      "std": 0.19080434140624877
    },
    "edge": {
      "mean": 0.8347509396422109,
      "std": 0.18032116586904337
    },
    "bridging": {
      "mean": 0.06795227914520276,
      "std": 0.09667988075110458
    }
  },
  "runtime": {
    "mean_seconds": 0.008447227798253767,
    "total_seconds": 8.05020809173584,
    "graphs_per_second": 118.38203300338634
  }
}