{
  "dataset": "arxiv",
  "seed": 8,
  "k": 3,
  "weights": {
    "structural": 0.4,
    "edge": 0.3,
    "bridging": 0.3
  },
  "corpus_size": 8561,
  "eval_size": 952,
  "init_time_seconds": 69.73851203918457,
  "novelty_scores": {
    "mean": 0.561276199492894,
    "std": 0.11458224882778359,
    "median": 0.5810481971139885,
    "min": 0.1761013219386725,
    "max": 0.8489980795379609,
    "q25": 0.4909110484935538,
    "q75": 0.6353346368756877
  },
  "component_scores": {
    "structural": {
      "mean": 0.7252579214089578,
      "std": 0.18787163520511388
    },
    "edge": {
      "mean": 0.834079129499723,
      "std": 0.1826409001154492
    },
    "bridging": {
      "mean": 0.0698309735979798,
      "std": 0.10046963476258385
    }
  },
  "runtime": {
    "mean_seconds": 0.008801179272787911,
    "total_seconds": 8.378722667694092,
    "graphs_per_second": 113.62113746414283
  }
}