{
  "dataset": "arxiv",
  "seed": 2,
  "k": 3,
  "weights": {
    "structural": 0.4,
    "edge": 0.3,
    "bridging": 0.3
  },
  "corpus_size": 8633,
  "eval_size": 960,
  "init_time_seconds": 70.19587326049805,
  "novelty_scores": {
    "mean": 0.5706359501875521,
    "std": 0.11234210814473095,
    "median": 0.5874153407427356,
    "min": 0.18003272693503616,
    "max": 0.8371136873077318,
    "q25": 0.49947693731600606,
    "q75": 0.644223179858049
  },
  "component_scores": {
    "structural": {
      "mean": 0.738482229755748,
      "std": 0.1814302756724943
    },
    "edge": {
      "mean": 0.836409932519761,
      "std": 0.1760928805533148
    },
    "bridging": {
      "mean": 0.08106692843108201,
      "std": 0.10618742362588664
    }
  },
  "runtime": {
    "mean_seconds": 0.008494992057482402,
    "total_seconds": 8.155192375183105,
    "graphs_per_second": 117.71641376865074
  }
}