{
  "dataset": "arxiv",
  "seed": 3,
  "k": 3,
  "weights": {
    "structural": 0.4,
    "edge": 0.3,
    "bridging": 0.3
  },
  "corpus_size": 8585,
  "eval_size": 954,
  "init_time_seconds": 71.63181138038635,
  "novelty_scores": {
    "mean": 0.568027719995517,
    "std": 0.10860282174519925,
    "median": 0.5843579202967625,
    "min": 0.18082611223122047,
    "max": 0.8506202677962883,
    "q25": 0.4999120212837833,
    "q75": 0.6362381596950615
  },
  "component_scores": {
    "structural": {
      "mean": 0.7373867015482426,
      "std": 0.1843968870014212
    },
    "edge": {
      "mean": 0.8413268873039138,
      "std": 0.16288747870057627
    },
    "bridging": {
      "mean": 0.06891657728348585,
      "std": 0.10178658856682939
    }
  },
  "runtime": {
    "mean_seconds": 0.009203192822838229,
    "total_seconds": 8.779845952987671,
    "graphs_per_second": 108.65794287374322
  }
}