{
  "dataset": "ba",
  "seed": 3,
  "k": 3,
  "weights": {
    "structural": 0.4,
    "edge": 0.3,
    "bridging": 0.3
  },
  "corpus_size": 900,
  "eval_size": 100,
  "init_time_seconds": 41.87746787071228,
  "novelty_scores": {
    "mean": 0.8086660292908845,
    "std": 0.024313433566624316,
    "median": 0.8087199102532238,
    "min": 0.728283174721756,
    "max": 0.858561998705469,
    "q25": 0.7918146100671194,
    "q75": 0.8259671866870554
  },
  "component_scores": {
    "structural": {
      "mean": 1.0,
      "std": 0.0
    },
    "edge": {
      "mean": 0.9791535107204022,
      "std": 0.00010471384103520869
    },
    "bridging": {
      "mean": 0.3830665869158787,
      "std": 0.08109479482903177
    }
  },
  "runtime": {
    "mean_seconds": 0.036325697898864744,
    "total_seconds": 3.6325697898864746,
    "graphs_per_second": 27.528720928751987
  }
}