{
  "dataset": "ba",
  "seed": 6,
  "k": 3,
  "weights": {
    "structural": 0.4,
    "edge": 0.3,
    "bridging": 0.3
  },
  "corpus_size": 900,
  "eval_size": 100,
  "init_time_seconds": 38.982449769973755,
  "novelty_scores": {
    "mean": 0.8076569369407113,
    "std": 0.019582424528653535,
    "median": 0.8090438129363151,
    "min": 0.7591128739444055,
    "max": 0.8578246674678616,
    "q25": 0.7932640040783063,
    "q75": 0.8204761294080254
  },
  "component_scores": {
    "structural": {
      "mean": 1.0,
      "std": 0.0
    },
    "edge": {
      "mean": 0.9791553685508606,
      "std": 0.00020151435247745084
    },
    "bridging": {
      "mean": 0.3797010879181774,
      "std": 0.06526997648659887
    }
  },
  "runtime": {
    "mean_seconds": 0.03923264503479004,
    "total_seconds": 3.923264503479004,
    "graphs_per_second": 25.488977332862405
  }
}