{
  "dataset": "ba",
  "seed": 1,
  "k": 3,
  "weights": {
    "structural": 0.4,
    "edge": 0.3,
    "bridging": 0.3
  },
  "corpus_size": 900,
  "eval_size": 100,
  "init_time_seconds": 40.13952994346619,
  "novelty_scores": {
    "mean": 0.808112594473547,
    "std": 0.021523674121023583,
    "median": 0.8098554190112167,
    "min": 0.7246757630549704,
    "max": 0.8615651997517998,
    "q25": 0.7983350784767607,
    "q75": 0.8214589938250959
  },
  "component_scores": {
    "structural": {
      "mean": 1.0,
      "std": 0.0
    },
    "edge": {
      "mean": 0.9791693787567752,
      "std": 8.489156537427678e-05
    },
    "bridging": {
      "mean": 0.38120593615504866,
      "std": 0.07177591425758617
    }
  },
  "runtime": {
    "mean_seconds": 0.07268601179122924,
    "total_seconds": 7.268601179122925,
    "graphs_per_second": 13.757805323976605
  }
}