{
  "dataset": "ba",
  "seed": 4,
  "k": 3,
  "weights": {
    "structural": 0.4,
    "edge": 0.3,
    "bridging": 0.3
  },
  "corpus_size": 900,
  "eval_size": 100,
  "init_time_seconds": 42.56837582588196,
  "novelty_scores": {
    "mean": 0.801749366775591,
    "std": 0.03019002378199693,
    "median": 0.8016276199795043,
    "min": 0.735361359364179,
    "max": 0.8866528707581703,
    "q25": 0.7793504993670709,
    "q75": 0.820183908067976
  },
  "component_scores": {
    "structural": {
      "mean": 1.0,
      "std": 0.0
    },
    "edge": {
      "mean": 0.9791966519334843,
      "std": 0.00012687993016080855
    },
    "bridging": {
      "mean": 0.3599679039851524,
      "std": 0.10062911215743932
    }
  },
  "runtime": {
    "mean_seconds": 0.03366283416748047,
    "total_seconds": 3.366283416748047,
    "graphs_per_second": 29.70635196741802
  }
}