{
  "dataset": "ba",
  "seed": 8,
  "k": 3,
  "weights": {
    "structural": 0.4,
    "edge": 0.3,
    "bridging": 0.3
  },
  "corpus_size": 900,
  "eval_size": 100,
  "init_time_seconds": 35.649863958358765,
  "novelty_scores": {
    "mean": 0.8083514791990951,
    "std": 0.02259889031365021,
    "median": 0.8075623656889906,
    "min": 0.7570907189130825,
    "max": 0.8837592226021244,
    "q25": 0.7941132428894377,
    "q75": 0.8244256623550834
  },
  "component_scores": {
    "structural": {
      "mean": 1.0,
      "std": 0.0
    },
    "edge": {
      "mean": 0.9791578917849969,
      "std": 0.00013256816913456988
    },
    "bridging": {
      "mean": 0.3820137055453203,
      "std": 0.07531352803848915
    }
  },
  "runtime": {
    "mean_seconds": 0.0255004620552063,
    "total_seconds": 2.55004620552063,
    "graphs_per_second": 39.214975706521955
  }
}