{
  "dataset": "ba",
  "seed": 7,
  "k": 3,
  "weights": {
    "structural": 0.4,
    "edge": 0.3,
    "bridging": 0.3
  },
  "corpus_size": 900,
  "eval_size": 100,
  "init_time_seconds": 42.325857162475586,
  "novelty_scores": {
    "mean": 0.8071556506431875,
    "std": 0.027712522666166133,
    "median": 0.8064908338872016,
    "min": 0.7436825747086651,
    "max": 0.8738023537556248,
    "q25": 0.7870227083855528,
    "q75": 0.8259219332203286
  },
  "component_scores": {
    "structural": {
      "mean": 1.0,
      "std": 0.0
    },
    "edge": {
      "mean": 0.979155982694546,
      "std": 0.00014787652073342238
    },
    "bridging": {
      "mean": 0.3780295194494127,
      "std": 0.09238746126115097
    }
  },
  "runtime": {
    "mean_seconds": 0.044175219535827634,
    "total_seconds": 4.417521953582764,
    "graphs_per_second": 22.63712575755204
  }
}