{
  "dataset": "ba",
  "seed": 0,
  "k": 3,
  "weights": {
    "structural": 0.4,
    "edge": 0.3,
    "bridging": 0.3
  },
  "corpus_size": 900,
  "eval_size": 100,
  "init_time_seconds": 37.431145668029785,
  "novelty_scores": {
    "mean": 0.8059779942641064,
    "std": 0.0217699182905224,
    "median": 0.808741542508161,
    "min": 0.7259834735470062,
    "max": 0.8458491350041104,
    "q25": 0.7935035846348217,
    "q75": 0.8201544143299982
  },
  "component_scores": {
    "structural": {
      "mean": 1.0,
      "std": 0.0
    },
    "edge": {
      "mean": 0.9791484283046077,
      "std": 0.0001220051471903908
    },
    "bridging": {
      "mean": 0.3741115525757474,
      "std": 0.07263383826696564
    }
  },
  "runtime": {
    "mean_seconds": 0.02762164831161499,
    "total_seconds": 2.762164831161499,
    "graphs_per_second": 36.203487522484195
  }
}