{
  "dataset": "ba",
  "seed": 2,
  "k": 3,
  "weights": {
    "structural": 0.4,
    "edge": 0.3,
    "bridging": 0.3
  },
  "corpus_size": 900,
  "eval_size": 100,
  "init_time_seconds": 42.2703857421875,
  "novelty_scores": {
    "mean": 0.8049041199705513,
    "std": 0.019722310945722573,
    "median": 0.8090144805564757,
    "min": 0.7554567572125612,
    "max": 0.8369099379801798,
    "q25": 0.7923864248639493,
    "q75": 0.8202482146306994
  },
  "component_scores": {
    "structural": {
      "mean": 1.0,
      "std": 0.0
    },
    "edge": {
      "mean": 0.9791681845788347,
      "std": 0.00014169107482634515
    },
    "bridging": {
      "mean": 0.37051221532300316,
      "std": 0.06570623592453569
    }
  },
  "runtime": {
    "mean_seconds": 0.04529409408569336,
    "total_seconds": 4.529409408569336,
    "graphs_per_second": 22.077933562553824
  }
}