{
  "dataset": "ba",
  "seed": 5,
  "k": 3,
  "weights": {
    "structural": 0.4,
    "edge": 0.3,
    "bridging": 0.3
  },
  "corpus_size": 900,
  "eval_size": 100,
  "init_time_seconds": 41.38480520248413,
  "novelty_scores": {
    "mean": 0.804826353255308,
    "std": 0.02233252396369778,
    "median": 0.8054165762136151,
    "min": 0.7337191399928309,
    "max": 0.8568510613819037,
    "q25": 0.7909961734999441,
    "q75": 0.8190764041593317
  },
  "component_scores": {
    "structural": {
      "mean": 1.0,
      "std": 0.0
    },
    "edge": {
      "mean": 0.9791732104155071,
      "std": 0.00019095455433386135
    },
    "bridging": {
      "mean": 0.3702479671021863,
      "std": 0.07432242683950004
    }
  },
  "runtime": {
    "mean_seconds": 0.045945370197296144,
    "total_seconds": 4.594537019729614,
    "graphs_per_second": 21.764978619300567
  }
}