{
  "dataset": "citeseer",
  "seed": 1,
  "k": 3,
  "weights": {
    "structural": 0.4,
    "edge": 0.3,
    "bridging": 0.3
  },
  "corpus_size": 1044,
  "eval_size": 117,
  "init_time_seconds": 5.419919013977051,
  "novelty_scores": {
    "mean": 0.6934809119141703,
    "std": 0.056850823929045315,
    "median": 0.6802859770361189,
    "min": 0.5794979739253049,
    "max": 0.866764739307168,
    "q25": 0.6588612903660057,
    "q75": 0.7230371882637048
  },
  "component_scores": {
    "structural": {
      "mean": 0.9960509696834493,
      "std": 0.010503448551298592
    },
    "edge": {
      "mean": 0.8671076390195634,
      "std": 0.08047877276866289
    },
    "bridging": {
      "mean": 0.1164274411164055,
      "std": 0.13378039292304372
    }
  },
  "runtime": {
    "mean_seconds": 0.00410158817584698,
    "total_seconds": 0.4798858165740967,
    "graphs_per_second": 243.80799756755187
  }
}