{
  "dataset": "citeseer",
  "seed": 8,
  "k": 3,
  "weights": {
    "structural": 0.4,
    "edge": 0.3,
    "bridging": 0.3
  },
  "corpus_size": 1022,
  "eval_size": 114,
  "init_time_seconds": 6.124476909637451,
  "novelty_scores": {
    "mean": 0.6925359002499665,
    "std": 0.05631442088928436,
    "median": 0.6829309413514013,
    "min": 0.5853644250708454,
    "max": 0.8399838001520437,
    "q25": 0.6669275487360787,
    "q75": 0.7310349868687704
  },
  "component_scores": {
    "structural": {
      "mean": 0.9957253673487707,
      "std": 0.010881761402924078
    },
    "edge": {
      "mean": 0.8640584870827958,
      "std": 0.08949280921631077
    },
    "bridging": {
      "mean": 0.11676069061873182,
      "std": 0.12735686377701605
    }
  },
  "runtime": {
    "mean_seconds": 0.004589287858260305,
    "total_seconds": 0.5231788158416748,
    "graphs_per_second": 217.8987308891705
  }
}