{
  "dataset": "citeseer",
  "seed": 3,
  "k": 3,
  "weights": {
    "structural": 0.4,
    "edge": 0.3,
    "bridging": 0.3
  },
  "corpus_size": 1027,
  "eval_size": 115,
  "init_time_seconds": 6.256187438964844,
  "novelty_scores": {
    "mean": 0.6913950491475251,
    "std": 0.06125052768726116,
    "median": 0.682339663203153,
    "min": 0.5838084555123686,
    "max": 0.8799091824229615,
    "q25": 0.6652650731198093,
    "q75": 0.725449473694122
  },
  "component_scores": {
    "structural": {
      "mean": 0.9951065346496798,
      "std": 0.01101814655933531
    },
    "edge": {
      "mean": 0.8641776714011904,
      "std": 0.09037107134779979
    },
    "bridging": {
      "mean": 0.11366377955765351,
      "std": 0.1368235944600738
    }
  },
  "runtime": {
    "mean_seconds": 0.004520314672718877,
    "total_seconds": 0.5198361873626709,
    "graphs_per_second": 221.223536944281
  }
}