{
  "dataset": "citeseer",
  "seed": 9,
  "k": 3,
  "weights": {
    "structural": 0.4,
    "edge": 0.3,
    "bridging": 0.3
  },
  "corpus_size": 1034,
  "eval_size": 115,
  "init_time_seconds": 5.382771968841553,
  "novelty_scores": {
    "mean": 0.6920099018139763,
    "std": 0.056756978058656,
    "median": 0.6787906835465054,
    "min": 0.6007211953388473,
    "max": 0.8809591339975509,
    "q25": 0.6581597933015537,
    "q75": 0.7192088382568744
  },
  "component_scores": {
    "structural": {
      "mean": 0.9955045501010409,
      "std": 0.010890462285700047
    },
    "edge": {
      "mean": 0.8619498287301782,
      "std": 0.07869158243033877
    },
    "bridging": {
      "mean": 0.1174104438483547,
      "std": 0.1333270198135138
    }
  },
  "runtime": {
    "mean_seconds": 0.004633996797644574,
    "total_seconds": 0.532909631729126,
    "graphs_per_second": 215.79643743135355
  }
}