{
  "dataset": "citeseer",
  "seed": 7,
  "k": 3,
  "weights": {
    "structural": 0.4,
    "edge": 0.3,
    "bridging": 0.3
  },
  "corpus_size": 1019,
  "eval_size": 114,
  "init_time_seconds": 4.993285894393921,
  "novelty_scores": {
    "mean": 0.689057471002225,
    "std": 0.05255065030536981,
    "median": 0.6781142677683081,
    "min": 0.5922179798506173,
    "max": 0.8523200930574638,
    "q25": 0.6580433896718756,
    "q75": 0.7163804805728264
  },
  "component_scores": {
    "structural": {
      "mean": 0.9968354533738386,
      "std": 0.009166441569112128
    },
    "edge": {
      "mean": 0.860840116104481,
      "std": 0.07642546050951497
    },
    "bridging": {
      "mean": 0.10690418273781754,
      "std": 0.1262238811767116
    }
  },
  "runtime": {
    "mean_seconds": 0.005835501771224172,
    "total_seconds": 0.6652472019195557,
    "graphs_per_second": 171.36486958690784
  }
}