{
  "dataset": "citeseer",
  "seed": 6,
  "k": 3,
  "weights": {
    "structural": 0.4,
    "edge": 0.3,
    "bridging": 0.3
  },
  "corpus_size": 1029,
  "eval_size": 115,
  "init_time_seconds": 5.027709722518921,
  "novelty_scores": {
    "mean": 0.6944044795992698,
    "std": 0.06148834992874319,
    "median": 0.6828394007900478,
    "min": 0.5897635906763852,
    "max": 0.8809676667102798,
    "q25": 0.6506194897674642,
    "q75": 0.7303778834215496
  },
  "component_scores": {
    "structural": {
      "mean": 0.9970817902337514,
      "std": 0.00900496650791561
    },
    "edge": {
      "mean": 0.8529477964076064,
      "std": 0.08272169022342986
    },
    "bridging": {
      "mean": 0.13229141527829058,
      "std": 0.14531884281033774
    }
  },
  "runtime": {
    "mean_seconds": 0.0060150312340777855,
    "total_seconds": 0.6917285919189453,
    "graphs_per_second": 166.25017578205782
  }
}