{
  "dataset": "citeseer",
  "seed": 4,
  "k": 3,
  "weights": {
    "structural": 0.4,
    "edge": 0.3,
    "bridging": 0.3
  },
  "corpus_size": 1017,
  "eval_size": 114,
  "init_time_seconds": 4.9152326583862305,
  "novelty_scores": {
    "mean": 0.6859448633421762,
    "std": 0.05645700677553914,
    "median": 0.6738732095279444,
    "min": 0.5943457144503109,
    "max": 0.8770805643240843,
    "q25": 0.6524996242406844,
    "q75": 0.7120850186859755
  },
  "component_scores": {
    "structural": {
      "mean": 0.996606874571258,
      "std": 0.009715935080866583
    },
    "edge": {
      "mean": 0.8586756191705742,
      "std": 0.07788669980074867
    },
    "bridging": {
      "mean": 0.09899809254166936,
      "std": 0.13453500255200082
    }
  },
  "runtime": {
    "mean_seconds": 0.004452538072017201,
    "total_seconds": 0.5075893402099609,
    "graphs_per_second": 224.59100491126284
  }
}