{
  "dataset": "citeseer",
  "seed": 5,
  "k": 3,
  "weights": {
    "structural": 0.4,
    "edge": 0.3,
    "bridging": 0.3
  },
  "corpus_size": 1020,
  "eval_size": 114,
  "init_time_seconds": 5.1575658321380615,
  "novelty_scores": {
    "mean": 0.6972287876786012,
    "std": 0.060301400863506986,
    "median": 0.6787189910170299,
    "min": 0.5994993393303621,
    "max": 0.8790577430476136,
    "q25": 0.6699994115451273,
    "q75": 0.73377973647177
  },
  "component_scores": {
    "structural": {
      "mean": 0.994263442329562,
      "std": 0.01269692908585624
    },
    "edge": {
      "mean": 0.871832449110947,
      "std": 0.07994703969432732
    },
    "bridging": {
      "mean": 0.12657892004497423,
      "std": 0.1434152445311118
    }
  },
  "runtime": {
    "mean_seconds": 0.00663329425610994,
    "total_seconds": 0.7561955451965332,
    "graphs_per_second": 150.75465694573975
  }
}