{
  "dataset": "citeseer",
  "seed": 0,
  "k": 3,
  "weights": {
    "structural": 0.4,
    "edge": 0.3,
    "bridging": 0.3
  },
  "corpus_size": 1020,
  "eval_size": 114,
  "init_time_seconds": 5.414418697357178,
  "novelty_scores": {
    "mean": 0.698374786216289,
    "std": 0.062089815785098056,
    "median": 0.680547186799773,
    "min": 0.5934636781209273,
    "max": 0.8596840647059079,
    "q25": 0.6600305003493928,
    "q75": 0.7391023218973585
  },
  "component_scores": {
    "structural": {
      "mean": 0.995038022720912,
      "std": 0.012107542488682075
    },
    "edge": {
      "mean": 0.8646983326845268,
      "std": 0.08068930698738759
    },
    "bridging": {
      "mean": 0.1365002577418871,
      "std": 0.14584681696141324
    }
  },
  "runtime": {
    "mean_seconds": 0.004208196673476905,
    "total_seconds": 0.4797344207763672,
    "graphs_per_second": 237.63147913278917
  }
}