{
  "dataset": "citeseer",
  "seed": 2,
  "k": 3,
  "weights": {
    "structural": 0.4,
    "edge": 0.3,
    "bridging": 0.3
  },
  "corpus_size": 1021,
  "eval_size": 114,
  "init_time_seconds": 4.9619715213775635,
  "novelty_scores": {
    "mean": 0.6898472031439551,
    "std": 0.04901456425228636,
    "median": 0.67671332685084,
    "min": 0.6119154460652897,
    "max": 0.8094227082004163,
    "q25": 0.6551880812105152,
    "q75": 0.714724798110395
  },
  "component_scores": {
    "structural": {
      "mean": 0.9976349602605754,
      "std": 0.006983433683497934
    },
    "edge": {
      "mean": 0.8653135973567112,
      "std": 0.0771407054619568
    },
    "bridging": {
      "mean": 0.1039971327757049,
      "std": 0.11617186135240362
    }
  },
  "runtime": {
    "mean_seconds": 0.004390862950107507,
    "total_seconds": 0.5005583763122559,
    "graphs_per_second": 227.74566443152494
  }
}