{
  "dataset": "cora",
  "seed": 1,
  "k": 3,
  "weights": {
    "structural": 0.4,
    "edge": 0.3,
    "bridging": 0.3
  },
  "corpus_size": 1534,
  "eval_size": 171,
  "init_time_seconds": 11.389774560928345,
  "novelty_scores": {
    "mean": 0.6840956176577937,
    "std": 0.04651636062670757,
    "median": 0.6705306211276905,
    "min": 0.6041336811927587,
    "max": 0.8507231511205293,
    "q25": 0.6493144708441564,
    "q75": 0.7032872408727036
  },
  "component_scores": {
    "structural": {
      "mean": 0.9864368703182836,
      "std": 0.02829891756363695
    },
    "edge": {
      "mean": 0.8879422008288756,
      "std": 0.050383718017931824
    },
    "bridging": {
      "mean": 0.07712736427272517,
      "std": 0.10569315605650151
    }
  },
  "runtime": {
    "mean_seconds": 0.008963593265466523,
    "total_seconds": 1.5327744483947754,
    "graphs_per_second": 111.56240253031535
  }
}