{
  "dataset": "cora",
  "seed": 9,
  "k": 3,
  "weights": {
    "structural": 0.4,
    "edge": 0.3,
    "bridging": 0.3
  },
  "corpus_size": 1521,
  "eval_size": 169,
  "init_time_seconds": 11.178672075271606,
  "novelty_scores": {
    "mean": 0.6816247933708639,
    "std": 0.04143392340675707,
    "median": 0.6724914853857957,
    "min": 0.6027482905692667,
    "max": 0.8335712610086896,
    "q25": 0.6528529342483443,
    "q75": 0.703394918119937
  },
  "component_scores": {
    "structural": {
      "mean": 0.9890561233179483,
      "std": 0.025973503414265034
    },
    "edge": {
      "mean": 0.8897270968944394,
      "std": 0.04853821381399851
    },
    "bridging": {
      "mean": 0.06361404991784254,
      "std": 0.09231665758785397
    }
  },
  "runtime": {
    "mean_seconds": 0.00808422805289545,
    "total_seconds": 1.366234540939331,
    "graphs_per_second": 123.69764848999276
  }
}