{
  "dataset": "cora",
  "seed": 6,
  "k": 3,
  "weights": {
    "structural": 0.4,
    "edge": 0.3,
    "bridging": 0.3
  },
  "corpus_size": 1535,
  "eval_size": 171,
  "init_time_seconds": 10.753516912460327,
  "novelty_scores": {
    "mean": 0.6876183318000288,
    "std": 0.04385970822452368,
    "median": 0.6755258059544502,
    "min": 0.603740743301523,
    "max": 0.8117719327081464,
    "q25": 0.6614896513070979,
    "q75": 0.7096728472505276
  },
  "component_scores": {
    "structural": {
      "mean": 0.988739706296137,
      "std": 0.026218783400544912
    },
    "edge": {
      "mean": 0.8949580426232918,
      "std": 0.04742540136579792
    },
    "bridging": {
      "mean": 0.0787834549819549,
      "std": 0.09851750110220814
    }
  },
  "runtime": {
    "mean_seconds": 0.009226715355588678,
    "total_seconds": 1.577768325805664,
    "graphs_per_second": 108.38093096632636
  }
}