{
  "dataset": "cora",
  "seed": 0,
  "k": 3,
  "weights": {
    "structural": 0.4,
    "edge": 0.3,
    "bridging": 0.3
  },
  "corpus_size": 1527,
  "eval_size": 170,
  "init_time_seconds": 10.021082639694214,
  "novelty_scores": {
    "mean": 0.6804465441459437,
    "std": 0.0430060846961638,
    "median": 0.6699550903028166,
    "min": 0.604393421167406,
    "max": 0.8199731722363552,
    "q25": 0.6514374764402396,
    "q75": 0.7019848841056401
  },
  "component_scores": {
    "structural": {
      "mean": 0.9876646664717543,
      "std": 0.027902565354818123
    },
    "edge": {
      "mean": 0.8875686596749691,
      "std": 0.04965041417795405
    },
    "bridging": {
      "mean": 0.06370026551583763,
      "std": 0.09254075901540094
    }
  },
  "runtime": {
    "mean_seconds": 0.005997890584609087,
    "total_seconds": 1.019641399383545,
    "graphs_per_second": 166.7252821460355
  }
}