{
  "dataset": "cora",
  "seed": 8,
  "k": 3,
  "weights": {
    "structural": 0.4,
    "edge": 0.3,
    "bridging": 0.3
  },
  "corpus_size": 1545,
  "eval_size": 172,
  "init_time_seconds": 10.51663064956665,
  "novelty_scores": {
    "mean": 0.6879449825914259,
    "std": 0.04321175943851439,
    "median": 0.6796876009570345,
    "min": 0.6024933701588824,
    "max": 0.8666648420529164,
    "q25": 0.6610065348208177,
    "q75": 0.7080505718943759
  },
  "component_scores": {
    "structural": {
      "mean": 0.9892518995021332,
      "std": 0.02619906646228675
    },
    "edge": {
      "mean": 0.8970833050480234,
      "std": 0.04233099385556871
    },
    "bridging": {
      "mean": 0.07706410425388549,
      "std": 0.09991986992733376
    }
  },
  "runtime": {
    "mean_seconds": 0.006388195725374444,
    "total_seconds": 1.0987696647644043,
    "graphs_per_second": 156.5387228240232
  }
}