{
  "dataset": "cora",
  "seed": 5,
  "k": 3,
  "weights": {
    "structural": 0.4,
    "edge": 0.3,
    "bridging": 0.3
  },
  "corpus_size": 1526,
  "eval_size": 170,
  "init_time_seconds": 10.994476556777954,
  "novelty_scores": {
    "mean": 0.6817957579173559,
    "std": 0.038428597147866256,
    "median": 0.6767825564907222,
    "min": 0.6068974498364137,
    "max": 0.8185666890472038,
    "q25": 0.6593826574287361,
    "q75": 0.7090666552111903
  },
  "component_scores": {
    "structural": {
      "mean": 0.98841046057056,
      "std": 0.02732959778472534
    },
    "edge": {
      "mean": 0.8889502768617089,
      "std": 0.04472137276825908
    },
    "bridging": {
      "mean": 0.06582163543539768,
      "std": 0.08158502210507593
    }
  },
  "runtime": {
    "mean_seconds": 0.006498571003184599,
    "total_seconds": 1.1047570705413818,
    "graphs_per_second": 153.87998369333104
  }
}