{
  "dataset": "cora",
  "seed": 3,
  "k": 3,
  "weights": {
    "structural": 0.4,
    "edge": 0.3,
    "bridging": 0.3
  },
  "corpus_size": 1545,
  "eval_size": 172,
  "init_time_seconds": 11.794199228286743,
  "novelty_scores": {
    "mean": 0.687118689829278,
    "std": 0.04496897637078298,
    "median": 0.6718919496205797,
    "min": 0.6034702712709332,
    "max": 0.8507657063873126,
    "q25": 0.6564850207145129,
    "q75": 0.7107320463596896
  },
  "component_scores": {
    "structural": {
      "mean": 0.9884857845494577,
      "std": 0.02594601397433105
    },
    "edge": {
      "mean": 0.8915220261301408,
      "std": 0.04591873468368322
    },
    "bridging": {
      "mean": 0.08089256056817583,
      "std": 0.10440080303952409
    }
  },
  "runtime": {
    "mean_seconds": 0.006476240102634873,
    "total_seconds": 1.1139132976531982,
    "graphs_per_second": 154.41058147197904
  }
}