{
  "dataset": "cora",
  "seed": 4,
  "k": 3,
  "weights": {
    "structural": 0.4,
    "edge": 0.3,
    "bridging": 0.3
  },
  "corpus_size": 1519,
  "eval_size": 169,
  "init_time_seconds": 11.330148935317993,
  "novelty_scores": {
    "mean": 0.6842730691913389,
    "std": 0.0445892760456664,
    "median": 0.6759178018102523,
    "min": 0.60106053589095,
    "max": 0.8198756539686205,
    "q25": 0.661726290775853,
    "q75": 0.7073116000109732
  },
  "component_scores": {
    "structural": {
      "mean": 0.9883083866678081,
      "std": 0.027088892921420207
    },
    "edge": {
      "mean": 0.8890734944216984,
      "std": 0.051338882463872464
    },
    "bridging": {
      "mean": 0.07409222065902075,
      "std": 0.09862312618026912
    }
  },
  "runtime": {
    "mean_seconds": 0.008796502852580957,
    "total_seconds": 1.4866089820861816,
    "graphs_per_second": 113.68154103497993
  }
}