{
  "dataset": "cora",
  "seed": 7,
  "k": 3,
  "weights": {
    "structural": 0.4,
    "edge": 0.3,
    "bridging": 0.3
  },
  "corpus_size": 1545,
  "eval_size": 172,
  "init_time_seconds": 12.166647911071777,
  "novelty_scores": {
    "mean": 0.680879391993064,
    "std": 0.038926184936089445,
    "median": 0.6751305269954958,
    "min": 0.602838613916324,
    "max": 0.7985979145985931,
    "q25": 0.6591617473435656,
    "q75": 0.702091954216723
  },
  "component_scores": {
    "structural": {
      "mean": 0.988379643906422,
      "std": 0.0277429542464299
    },
    "edge": {
      "mean": 0.8896900893913574,
      "std": 0.0482485524863781
    },
    "bridging": {
      "mean": 0.06206835871029315,
      "std": 0.08041610831038778
    }
  },
  "runtime": {
    "mean_seconds": 0.008647538894830747,
    "total_seconds": 1.4873766899108887,
    "graphs_per_second": 115.63983835883889
  }
}