{
  "dataset": "cora",
  "seed": 2,
  "k": 3,
  "weights": {
    "structural": 0.4,
    "edge": 0.3,
    "bridging": 0.3
  },
  "corpus_size": 1523,
  "eval_size": 170,
  "init_time_seconds": 11.926813840866089,
  "novelty_scores": {
    "mean": 0.6815249218479094,
    "std": 0.044361598668525716,
    "median": 0.6713666408475669,
    "min": 0.6022099155014885,
    "max": 0.8655014219738971,
    "q25": 0.6542538572610768,
    "q75": 0.7012079710291537
  },
  "component_scores": {
    "structural": {
      "mean": 0.9875958875556478,
      "std": 0.028948133387733745
    },
    "edge": {
      "mean": 0.8852178341545202,
      "std": 0.046419453940815585
    },
    "bridging": {
      "mean": 0.06973738859764705,
      "std": 0.09943955023958742
    }
  },
  "runtime": {
    "mean_seconds": 0.010898710699642405,
    "total_seconds": 1.852780818939209,
    "graphs_per_second": 91.75397233296694
  }
}