{
  "dataset": "er",
  "seed": 4,
  "k": 3,
  "weights": {
    "structural": 0.4,
    "edge": 0.3,
    "bridging": 0.3
  },
  "corpus_size": 900,
  "eval_size": 100,
  "init_time_seconds": 29.101312160491943,
  "novelty_scores": {
    "mean": 0.8074574246810616,
    "std": 0.022292155258541814,
    "median": 0.8076138950001508,
    "min": 0.7350521659293884,
    "max": 0.8690169024220391,
    "q25": 0.7953899412258045,
    "q75": 0.8194939711639369
  },
  "component_scores": {
    "structural": {
      "mean": 0.9997047905456141,
      "std": 0.0008218229220596484
    },
    "edge": {
      "mean": 0.9791849502381915,
      "std": 0.00012597404111431353
    },
    "bridging": {
      "mean": 0.37940007797119557,
      "std": 0.07446429305242465
    }
  },
  "runtime": {
    "mean_seconds": 0.029068348407745363,
    "total_seconds": 2.906834840774536,
    "graphs_per_second": 34.40167931018559
  }
}