{
  "dataset": "er",
  "seed": 9,
  "k": 3,
  "weights": {
    "structural": 0.4,
    "edge": 0.3,
    "bridging": 0.3
  },
  "corpus_size": 900,
  "eval_size": 100,
  "init_time_seconds": 29.559628009796143,
  "novelty_scores": {
    "mean": 0.8053790451383389,
    "std": 0.026084289148366538,
    "median": 0.8032616024933188,
    "min": 0.7306422191790785,
    "max": 0.9013507410775391,
    "q25": 0.789772119473128,
    "q75": 0.8224809753022659
  },
  "component_scores": {
    "structural": {
      "mean": 0.9998351026812738,
      "std": 0.00044856000388818575
    },
    "edge": {
      "mean": 0.9791549609706799,
      "std": 0.00019810871988554585
    },
    "bridging": {
      "mean": 0.37232838591541856,
      "std": 0.08703912975668085
    }
  },
  "runtime": {
    "mean_seconds": 0.027245144844055175,
    "total_seconds": 2.7245144844055176,
    "graphs_per_second": 36.703787251775154
  }
}