{
  "dataset": "er",
  "seed": 2,
  "k": 3,
  "weights": {
    "structural": 0.4,
    "edge": 0.3,
    "bridging": 0.3
  },
  "corpus_size": 900,
  "eval_size": 100,
  "init_time_seconds": 36.953925132751465,
  "novelty_scores": {
    "mean": 0.8060984470369853,
    "std": 0.029803278303836864,
    "median": 0.8029114174176363,
    "min": 0.7353882348537567,
    "max": 0.9692076219932189,
    "q25": 0.7892275260570657,
    "q75": 0.8191932308513173
  },
  "component_scores": {
    "structural": {
      "mean": 0.9998209530872498,
      "std": 0.000493365439662889
    },
    "edge": {
      "mean": 0.9791707092594519,
      "std": 0.00015288394027571976
    },
    "bridging": {
      "mean": 0.37472951008083233,
      "std": 0.09948994054020403
    }
  },
  "runtime": {
    "mean_seconds": 0.018274991512298583,
    "total_seconds": 1.8274991512298584,
    "graphs_per_second": 54.71958765764824
  }
}