{
  "dataset": "er",
  "seed": 7,
  "k": 3,
  "weights": {
    "structural": 0.4,
    "edge": 0.3,
    "bridging": 0.3
  },
  "corpus_size": 900,
  "eval_size": 100,
  "init_time_seconds": 26.448975086212158,
  "novelty_scores": {
    "mean": 0.7991160070922337,
    "std": 0.027825093502647308,
    "median": 0.7985829970031559,
    "min": 0.7285404012140271,
    "max": 0.8644726792999055,
    "q25": 0.7814037597885395,
    "q75": 0.8188970172732727
  },
  "component_scores": {
    "structural": {
      "mean": 0.9998014394786179,
      "std": 0.00044172138025700796
    },
    "edge": {
      "mean": 0.9791662579005005,
      "std": 0.00012357804378685503
    },
    "bridging": {
      "mean": 0.3514851797687883,
      "std": 0.0927985683153288
    }
  },
  "runtime": {
    "mean_seconds": 0.023757452964782714,
    "total_seconds": 2.3757452964782715,
    "graphs_per_second": 42.09205429059958
  }
}