{
  "dataset": "er",
  "seed": 6,
  "k": 3,
  "weights": {
    "structural": 0.4,
    "edge": 0.3,
    "bridging": 0.3
  },
  "corpus_size": 900,
  "eval_size": 100,
  "init_time_seconds": 31.377351760864258,
  "novelty_scores": {
    "mean": 0.8102245435692442,
    "std": 0.023470472231780285,
    "median": 0.8107487735594359,
    "min": 0.7430865838794802,
    "max": 0.8641872467556713,
    "q25": 0.7967034760214006,
    "q75": 0.8256690192084123
  },
  "component_scores": {
    "structural": {
      "mean": 0.9998106906166865,
      "std": 0.0005265481619133528
    },
    "edge": {
      "mean": 0.9791575163473176,
      "std": 8.439708850333705e-05
    },
    "bridging": {
      "mean": 0.3885100413945811,
      "std": 0.07812171357713096
    }
  },
  "runtime": {
    "mean_seconds": 0.029769737720489502,
    "total_seconds": 2.97697377204895,
    "graphs_per_second": 33.591159229855556
  }
}