{
  "dataset": "er",
  "seed": 1,
  "k": 3,
  "weights": {
    "structural": 0.4,
    "edge": 0.3,
    "bridging": 0.3
  },
  "corpus_size": 900,
  "eval_size": 100,
  "init_time_seconds": 24.961857080459595,
  "novelty_scores": {
    "mean": 0.8080481645461801,
    "std": 0.025822567221326337,
    "median": 0.8098260668747027,
    "min": 0.7334492558085185,
    "max": 0.8687404731804234,
    "q25": 0.7919006078575472,
    "q75": 0.8220391978158668
  },
  "component_scores": {
    "structural": {
      "mean": 0.9997710563923173,
      "std": 0.0007521990086434648
    },
    "edge": {
      "mean": 0.9791567729551842,
      "std": 0.0001706353970029862
    },
    "bridging": {
      "mean": 0.38130903367565944,
      "std": 0.08599692965132218
    }
  },
  "runtime": {
    "mean_seconds": 0.0245660400390625,
    "total_seconds": 2.45660400390625,
    "graphs_per_second": 40.706601406246115
  }
}