{
  "dataset": "er",
  "seed": 8,
  "k": 3,
  "weights": {
    "structural": 0.4,
    "edge": 0.3,
    "bridging": 0.3
  },
  "corpus_size": 900,
  "eval_size": 100,
  "init_time_seconds": 29.48421573638916,
  "novelty_scores": {
    "mean": 0.8015999555283807,
    "std": 0.023720629797816393,
    "median": 0.8039215459856771,
    "min": 0.7121119651566962,
    "max": 0.8623619597059444,
    "q25": 0.7861751762085587,
    "q75": 0.8189416313881297
  },
  "component_scores": {
    "structural": {
      "mean": 0.9998762042702293,
      "std": 0.00033950652604540423
    },
    "edge": {
      "mean": 0.9791590268408212,
      "std": 8.529789493652371e-05
    },
    "bridging": {
      "mean": 0.3596725525601422,
      "std": 0.07883614654461131
    }
  },
  "runtime": {
    "mean_seconds": 0.02960442066192627,
    "total_seconds": 2.960442066192627,
    "graphs_per_second": 33.77873904102716
  }
}