{
  "dataset": "er",
  "seed": 3,
  "k": 3,
  "weights": {
    "structural": 0.4,
    "edge": 0.3,
    "bridging": 0.3
  },
  "corpus_size": 900,
  "eval_size": 100,
  "init_time_seconds": 33.1060688495636,
  "novelty_scores": {
    "mean": 0.7916333527257834,
    "std": 0.023049848209826994,
    "median": 0.7917122782223378,
    "min": 0.7377750261511505,
    "max": 0.8761910969904183,
    "q25": 0.7798254024853026,
    "q75": 0.8072604640960832
  },
  "component_scores": {
    "structural": {
      "mean": 0.9997777538782107,
      "std": 0.0007640571449725148
    },
    "edge": {
      "mean": 0.9791585729292676,
      "std": 0.0001406305038656733
    },
    "bridging": {
      "mean": 0.32658226431906306,
      "std": 0.07653618700018167
    }
  },
  "runtime": {
    "mean_seconds": 0.027254135608673097,
    "total_seconds": 2.7254135608673096,
    "graphs_per_second": 36.691679177004225
  }
}