{
  "dataset": "er",
  "seed": 0,
  "k": 3,
  "weights": {
    "structural": 0.4,
    "edge": 0.3,
    "bridging": 0.3
  },
  "corpus_size": 900,
  "eval_size": 100,
  "init_time_seconds": 30.37651014328003,
  "novelty_scores": {
    "mean": 0.8108577279429849,
    "std": 0.02431343919393906,
    "median": 0.8100586854438917,
    "min": 0.7562067576982396,
    "max": 0.9081890676464484,
    "q25": 0.7973557876558653,
    "q75": 0.821079928885301
  },
  "component_scores": {
    "structural": {
      "mean": 0.9997817303405253,
      "std": 0.0006039944586735084
    },
    "edge": {
      "mean": 0.9791586814858841,
      "std": 0.00011584285633977847
    },
    "bridging": {
      "mean": 0.39065810453669847,
      "std": 0.08148552663353566
    }
  },
  "runtime": {
    "mean_seconds": 0.03182799100875854,
    "total_seconds": 3.1827991008758545,
    "graphs_per_second": 31.418885336646486
  }
}