{
  "dataset": "er",
  "seed": 5,
  "k": 3,
  "weights": {
    "structural": 0.4,
    "edge": 0.3,
    "bridging": 0.3
  },
  "corpus_size": 900,
  "eval_size": 100,
  "init_time_seconds": 30.924682140350342,
  "novelty_scores": {
    "mean": 0.8065259036949,
    "std": 0.02584500609674521,
    "median": 0.8073992769478797,
    "min": 0.7181323761807701,
    "max": 0.8562396596549275,
    "q25": 0.7885834757662245,
    "q75": 0.8258446724349373
  },
  "component_scores": {
    "structural": {
      "mean": 0.9997395203403292,
      "std": 0.0007383869039467302
    },
    "edge": {
      "mean": 0.979169697792027,
      "std": 8.476807703346018e-05
    },
    "bridging": {
      "mean": 0.3762639540705334,
      "std": 0.08599859723831953
    }
  },
  "runtime": {
    "mean_seconds": 0.030545074939727784,
    "total_seconds": 3.0545074939727783,
    "graphs_per_second": 32.73850209807054
  }
}