{
  "dataset": "protein",
  "seed": 4,
  "k": 3,
  "weights": {
    "structural": 0.4,
    "edge": 0.3,
    "bridging": 0.3
  },
  "corpus_size": 1001,
  "eval_size": 112,
  "init_time_seconds": 21.88929510116577,
  "novelty_scores": {
    "mean": 0.6747048162890571,
    "std": 0.000390589693741108,
    "median": 0.6747726778594572,
    "min": 0.6733238755145253,
    "max": 0.6753402053185404,
    "q25": 0.6745101004525251,
    "q75": 0.6749714279565628
  },
  "component_scores": {
    "structural": {
      "mean": 0.9993822679389349,
      "std": 0.0008054441529278668
    },
    "edge": {
      "mean": 0.9165063637116105,
      "std": 0.0007743528416305397
    },
    "bridging": {
      "mean": 0.0,
      "std": 0.0
    }
  },
  "runtime": {
    "mean_seconds": 0.02248043247631618,
    "total_seconds": 2.517808437347412,
    "graphs_per_second": 44.48312998664641
  }
}