{
  "dataset": "protein",
  "seed": 7,
  "k": 3,
  "weights": {
    "structural": 0.4,
    "edge": 0.3,
    "bridging": 0.3
  },
  "corpus_size": 1001,
  "eval_size": 112,
  "init_time_seconds": 21.47985029220581,
  "novelty_scores": {
    "mean": 0.6747072322414808,
    "std": 0.0005135143943195721,
    "median": 0.6748571861878964,
    "min": 0.6726016079572084,
    "max": 0.6754797635663062,
    "q25": 0.6744830443936619,
    "q75": 0.6750623568495643
  },
  "component_scores": {
    "structural": {
      "mean": 0.9992650527619087,
      "std": 0.0009008928871549454
    },
    "edge": {
      "mean": 0.9166707037890577,
      "std": 0.0010462764728196914
    },
    "bridging": {
      "mean": 0.0,
      "std": 0.0
    }
  },
  "runtime": {
    "mean_seconds": 0.01418484321662358,
    "total_seconds": 1.5887024402618408,
    "graphs_per_second": 70.49778307229188
  }
}