{
  "dataset": "protein",
  "seed": 5,
  "k": 3,
  "weights": {
    "structural": 0.4,
    "edge": 0.3,
    "bridging": 0.3
  },
  "corpus_size": 1001,
  "eval_size": 112,
  "init_time_seconds": 17.436216354370117,
  "novelty_scores": {
    "mean": 0.6747117831802628,
    "std": 0.0004455546072694698,
    "median": 0.6748425927958714,
    "min": 0.6728833560075578,
    "max": 0.6754002073385479,
    "q25": 0.6745572513978891,
    "q75": 0.6750053947943145
  },
  "component_scores": {
    "structural": {
      "mean": 0.9993407480397873,
      "std": 0.0009514073189942112
    },
    "edge": {
      "mean": 0.916584946547826,
      "std": 0.0007655720795454015
    },
    "bridging": {
      "mean": 0.0,
      "std": 0.0
    }
  },
  "runtime": {
    "mean_seconds": 0.018742980701582774,
    "total_seconds": 2.0992138385772705,
    "graphs_per_second": 53.353306815044306
  }
}