{
  "dataset": "protein",
  "seed": 0,
  "k": 3,
  "weights": {
    "structural": 0.4,
    "edge": 0.3,
    "bridging": 0.3
  },
  "corpus_size": 1001,
  "eval_size": 112,
  "init_time_seconds": 18.363330364227295,
  "novelty_scores": {
    "mean": 0.6746979789055049,
    "std": 0.00042729743675284254,
    "median": 0.6748003743965284,
    "min": 0.6729446106444323,
    "max": 0.6754907132861693,
    "q25": 0.6745559395879892,
    "q75": 0.6749603698147417
  },
  "component_scores": {
    "structural": {
      "mean": 0.9993637299106608,
      "std": 0.0008485902711694793
    },
    "edge": {
      "mean": 0.916508289804135,
      "std": 0.0008058860628355287
    },
    "bridging": {
      "mean": 0.0,
      "std": 0.0
    }
  },
  "runtime": {
    "mean_seconds": 0.015114790626934596,
    "total_seconds": 1.6928565502166748,
    "graphs_per_second": 66.16036071435865
  }
}