{
  "dataset": "protein",
  "seed": 2,
  "k": 3,
  "weights": {
    "structural": 0.4,
    "edge": 0.3,
    "bridging": 0.3
  },
  "corpus_size": 1001,
  "eval_size": 112,
  "init_time_seconds": 17.53974747657776,
  "novelty_scores": {
    "mean": 0.6747044209668215,
    "std": 0.00042341123480608316,
    "median": 0.6747689528791638,
    "min": 0.673150215596847,
    "max": 0.6754894355726424,
    "q25": 0.6745092032048381,
    "q75": 0.6749807747158175
  },
  "component_scores": {
    "structural": {
      "mean": 0.9993221903031994,
      "std": 0.0008782199991986307
    },
    "edge": {
      "mean": 0.9165851494851388,
      "std": 0.0008735011701176849
    },
    "bridging": {
      "mean": 0.0,
      "std": 0.0
    }
  },
  "runtime": {
    "mean_seconds": 0.011341392993927002,
    "total_seconds": 1.2702360153198242,
    "graphs_per_second": 88.17259048650126
  }
}