{
  "dataset": "protein",
  "seed": 6,
  "k": 3,
  "weights": {
    "structural": 0.4,
    "edge": 0.3,
    "bridging": 0.3
  },
  "corpus_size": 1001,
  "eval_size": 112,
  "init_time_seconds": 16.02810764312744,
  "novelty_scores": {
    "mean": 0.6747252656639601,
    "std": 0.0003743884741102098,
    "median": 0.6748291723444824,
    "min": 0.6734513915282905,
    "max": 0.6754022321095048,
    "q25": 0.6746123622427249,
    "q75": 0.674946256885144
  },
  "component_scores": {
    "structural": {
      "mean": 0.9994148228929703,
      "std": 0.0008209540519776783
    },
    "edge": {
      "mean": 0.9165311216892397,
      "std": 0.0006462116730705267
    },
    "bridging": {
      "mean": 0.0,
      "std": 0.0
    }
  },
  "runtime": {
    "mean_seconds": 0.014443542276109968,
    "total_seconds": 1.6176767349243164,
    "graphs_per_second": 69.23509350293027
  }
}