{
  "dataset": "protein",
  "seed": 3,
  "k": 3,
  "weights": {
    "structural": 0.4,
    "edge": 0.3,
    "bridging": 0.3
  },
  "corpus_size": 1001,
  "eval_size": 112,
  "init_time_seconds": 17.02855110168457,
  "novelty_scores": {
    "mean": 0.6746587276873194,
    "std": 0.00042458410558256183,
    "median": 0.6747385956227083,
    "min": 0.6729034657137485,
    "max": 0.6752905378137695,
    "q25": 0.6745357418637895,
    "q75": 0.674929433112152
  },
  "component_scores": {
    "structural": {
      "mean": 0.9992873053790342,
      "std": 0.0008726245223986054
    },
    "edge": {
      "mean": 0.9164793517856855,
      "std": 0.0007740860014746479
    },
    "bridging": {
      "mean": 0.0,
      "std": 0.0
    }
  },
  "runtime": {
    "mean_seconds": 0.014299439532416207,
    "total_seconds": 1.6015372276306152,
    "graphs_per_second": 69.93281084430222
  }
}