{
  "dataset": "qm9",
  "seed": 3,
  "k": 3,
  "weights": {
    "structural": 0.4,
    "edge": 0.3,
    "bridging": 0.3
  },
  "corpus_size": 117747,
  "eval_size": 13084,
  "init_time_seconds": 311.33992433547974,
  "novelty_scores": {
    "mean": 0.6294444380286285,
    "std": 0.03637982825990759,
    "median": 0.6228445777103363,
    "min": 0.5540655063362161,
    "max": 0.828247561106624,
    "q25": 0.6031798571395004,
    "q75": 0.6475625088062817
  },
  "component_scores": {
    "structural": {
      "mean": 0.9881049217176139,
      "std": 0.008329051863261086
    },
    "edge": {
      "mean": 0.7057846510370113,
      "std": 0.05830762052530137
    },
    "bridging": {
      "mean": 0.07489024676826561,
      "std": 0.06131066367351883
    }
  },
  "runtime": {
    "mean_seconds": 0.0029659056218892784,
    "total_seconds": 38.805909156799316,
    "graphs_per_second": 337.16514531672834
  }
}