{
  "dataset": "qm9",
  "seed": 9,
  "k": 3,
  "weights": {
    "structural": 0.4,
    "edge": 0.3,
    "bridging": 0.3
  },
  "corpus_size": 117747,
  "eval_size": 13084,
  "init_time_seconds": 316.1939604282379,
  "novelty_scores": {
    "mean": 0.6292334569618225,
    "std": 0.03596020650064878,
    "median": 0.6229332690373065,
    "min": 0.5589189473772321,
    "max": 0.8139701039198796,
    "q25": 0.6031850375396082,
    "q75": 0.6471566836793794
  },
  "component_scores": {
    "structural": {
      "mean": 0.9882103551405708,
      "std": 0.00829040016923776
    },
    "edge": {
      "mean": 0.7052873343920781,
      "std": 0.05758460279341824
    },
    "bridging": {
      "mean": 0.07454371529323565,
      "std": 0.06075529152157925
    }
  },
  "runtime": {
    "mean_seconds": 0.0031315156787369673,
    "total_seconds": 40.97275114059448,
    "graphs_per_second": 319.33418273777556
  }
}