{
  "dataset": "qm9",
  "seed": 5,
  "k": 3,
  "weights": {
    "structural": 0.4,
    "edge": 0.3,
    "bridging": 0.3
  },
  "corpus_size": 117747,
  "eval_size": 13084,
  "init_time_seconds": 305.38941073417664,
  "novelty_scores": {
    "mean": 0.6291136884340836,
    "std": 0.036109786799351395,
    "median": 0.6224411583893052,
    "min": 0.5549853020029097,
    "max": 0.8664825146468376,
    "q25": 0.6030664440286546,
    "q75": 0.6474124651298249
  },
  "component_scores": {
    "structural": {
      "mean": 0.9880706692643927,
      "std": 0.008298047004808677
    },
    "edge": {
      "mean": 0.7051550179718591,
      "std": 0.057775635149548366
    },
    "bridging": {
      "mean": 0.07446305112256262,
      "std": 0.06106048841495752
    }
  },
  "runtime": {
    "mean_seconds": 0.0029998508041985937,
    "total_seconds": 39.2500479221344,
    "graphs_per_second": 333.34991146906344
  }
}