{
  "dataset": "qm9",
  "seed": 8,
  "k": 3,
  "weights": {
    "structural": 0.4,
    "edge": 0.3,
    "bridging": 0.3
  },
  "corpus_size": 117747,
  "eval_size": 13084,
  "init_time_seconds": 311.4069550037384,
  "novelty_scores": {
    "mean": 0.62949657731643,
    "std": 0.03597697452108572,
    "median": 0.6230392040782229,
    "min": 0.5566380447136122,
    "max": 0.8194624801999572,
    "q25": 0.6035677313241062,
    "q75": 0.6473582476584102
  },
  "component_scores": {
    "structural": {
      "mean": 0.9881728510420849,
      "std": 0.008230214166231722
    },
    "edge": {
      "mean": 0.7057323086708069,
      "std": 0.057656477554982405
    },
    "bridging": {
      "mean": 0.07502581432784716,
      "std": 0.06074697918602365
    }
  },
  "runtime": {
    "mean_seconds": 0.0029898749437218446,
    "total_seconds": 39.119523763656616,
    "graphs_per_second": 334.46214936173345
  }
}