{
  "dataset": "qm9",
  "seed": 2,
  "k": 3,
  "weights": {
    "structural": 0.4,
    "edge": 0.3,
    "bridging": 0.3
  },
  "corpus_size": 117747,
  "eval_size": 13084,
  "init_time_seconds": 309.0216097831726,
  "novelty_scores": {
    "mean": 0.6295892109445556,
    "std": 0.036552402860018186,
    "median": 0.6229457229349868,
    "min": 0.5540463260499309,
    "max": 0.8391014735038865,
    "q25": 0.6031127603586642,
    "q75": 0.6480141696373812
  },
  "component_scores": {
    "structural": {
      "mean": 0.9881704803151639,
      "std": 0.008291741594693395
    },
    "edge": {
      "mean": 0.7057983149649019,
      "std": 0.05865995073252269
    },
    "bridging": {
      "mean": 0.07527174776339741,
      "std": 0.06146892888865224
    }
  },
  "runtime": {
    "mean_seconds": 0.00298293779035549,
    "total_seconds": 39.02875804901123,
    "graphs_per_second": 335.23997826345067
  }
}