{
  "dataset": "qm9",
  "seed": 6,
  "k": 3,
  "weights": {
    "structural": 0.4,
    "edge": 0.3,
    "bridging": 0.3
  },
  "corpus_size": 117747,
  "eval_size": 13084,
  "init_time_seconds": 322.6569547653198,
  "novelty_scores": {
    "mean": 0.6298981780251431,
    "std": 0.03662648592327427,
    "median": 0.6231704743408086,
    "min": 0.558899768493534,
    "max": 0.8197895901865655,
    "q25": 0.6034252601081351,
    "q75": 0.6480296597690685
  },
  "component_scores": {
    "structural": {
      "mean": 0.9882469591681967,
      "std": 0.00819091893823105
    },
    "edge": {
      "mean": 0.7062869508242772,
      "std": 0.05866992130673507
    },
    "bridging": {
      "mean": 0.07571103036860402,
      "std": 0.06180719767822036
    }
  },
  "runtime": {
    "mean_seconds": 0.003048480249478962,
    "total_seconds": 39.88631558418274,
    "graphs_per_second": 328.0323040212963
  }
}