{
  "dataset": "qm9",
  "seed": 1,
  "k": 3,
  "weights": {
    "structural": 0.4,
    "edge": 0.3,
    "bridging": 0.3
  },
  "corpus_size": 117747,
  "eval_size": 13084,
  "init_time_seconds": 317.8946087360382,
  "novelty_scores": {
    "mean": 0.6294481889355056,
    "std": 0.03617271740935385,
    "median": 0.6230873635147384,
    "min": 0.560541303500603,
    "max": 0.8403774270932185,
    "q25": 0.6034815051799524,
    "q75": 0.6471395739212518
  },
  "component_scores": {
    "structural": {
      "mean": 0.9882243459846634,
      "std": 0.00816888748903097
    },
    "edge": {
      "mean": 0.7055061738393944,
      "std": 0.05778032451011054
    },
    "bridging": {
      "mean": 0.07502199463274008,
      "std": 0.061441365556278014
    }
  },
  "runtime": {
    "mean_seconds": 0.0030506254153600055,
    "total_seconds": 39.91438293457031,
    "graphs_per_second": 327.8016353515463
  }
}