{
  "dataset": "qm9",
  "seed": 7,
  "k": 3,
  "weights": {
    "structural": 0.4,
    "edge": 0.3,
    "bridging": 0.3
  },
  "corpus_size": 117747,
  "eval_size": 13084,
  "init_time_seconds": 315.403195142746,
  "novelty_scores": {
    "mean": 0.6290949390378576,
    "std": 0.036496463278182456,
    "median": 0.6223469397740256,
    "min": 0.5556937447787524,
    "max": 0.8123579550460784,
    "q25": 0.6029052768060946,
    "q75": 0.6474276188289769
  },
  "component_scores": {
    "structural": {
      "mean": 0.9881910979597778,
      "std": 0.008288164357974342
    },
    "edge": {
      "mean": 0.7053847630718016,
      "std": 0.05893043584642712
    },
    "bridging": {
      "mean": 0.0740102364413533,
      "std": 0.060993198275724504
    }
  },
  "runtime": {
    "mean_seconds": 0.003067343160669507,
    "total_seconds": 40.13311791419983,
    "graphs_per_second": 326.01503895042856
  }
}