{
  "dataset": "qm9",
  "seed": 4,
  "k": 3,
  "weights": {
    "structural": 0.4,
    "edge": 0.3,
    "bridging": 0.3
  },
  "corpus_size": 117747,
  "eval_size": 13084,
  "init_time_seconds": 311.83049511909485,
  "novelty_scores": {
    "mean": 0.6293982140344572,
    "std": 0.03611348588085808,
    "median": 0.6228192235095056,
    "min": 0.5574424106351378,
    "max": 0.801919469602173,
    "q25": 0.6035646245891042,
    "q75": 0.6474733816226819
  },
  "component_scores": {
    "structural": {
      "mean": 0.988131966381251,
      "std": 0.008276462696997973
    },
    "edge": {
      "mean": 0.7057164825578073,
      "std": 0.057935379185918685
    },
    "bridging": {
      "mean": 0.07476827571538187,
      "std": 0.061011988783081346
    }
  },
  "runtime": {
    "mean_seconds": 0.0030435388403833915,
    "total_seconds": 39.821662187576294,
    "graphs_per_second": 328.564888586745
  }
}