{
  "dataset": "qm9",
  "seed": 0,
  "k": 3,
  "weights": {
    "structural": 0.4,
    "edge": 0.3,
    "bridging": 0.3
  },
  "corpus_size": 117747,
  "eval_size": 13084,
  "init_time_seconds": 308.4221410751343,
  "novelty_scores": {
    "mean": 0.6295181272794852,
    "std": 0.03646214832193655,
    "median": 0.6226797885050637,
    "min": 0.5592151875764446,
    "max": 0.8385927040285868,
    "q25": 0.6036131474705118,
    "q75": 0.647677810013324
  },
  "component_scores": {
    "structural": {
      "mean": 0.988130934974683,
      "std": 0.008273303070531129
    },
    "edge": {
      "mean": 0.7057705537696218,
      "std": 0.05840355528189053
    },
    "bridging": {
      "mean": 0.07511529052908482,
      "std": 0.06161037340968267
    }
  },
  "runtime": {
    "mean_seconds": 0.002960038199697347,
    "total_seconds": 38.72913980484009,
    "graphs_per_second": 337.83347799438747
  }
}