{
  "dataset": "reddit",
  "seed": 7,
  "k": 3,
  "weights": {
    "structural": 0.4,
    "edge": 0.3,
    "bridging": 0.3
  },
  "corpus_size": 36,
  "eval_size": 5,
  "init_time_seconds": 1.017961025238037,
  "novelty_scores": {
    "mean": 0.3467711111111111,
    "std": 0.04132606287311426,
    "median": 0.35444333333333344,
    "min": 0.2695477777777778,
    "max": 0.39266666666666666,
    "q25": 0.3505144444444444,
    "q75": 0.3666833333333333
  },
  "component_scores": {
    "structural": {
      "mean": 0.8669277777777777,
      "std": 0.10331515718278562
    },
    "edge": {
      "mean": 0.0,
      "std": 0.0
    },
    "bridging": {
      "mean": 0.0,
      "std": 0.0
    }
  },
  "runtime": {
    "mean_seconds": 0.035847711563110354,
    "total_seconds": 0.17923855781555176,
    "graphs_per_second": 27.895783479497354
  }
}