{
  "arxiv": {
    "n_seeds": 10,
    "overall_novelty": {
      "mean": 0.5637559764916334,
      "std": 0.0039130812037779916,
      "median": 0.5628721238427675,
      "min": 0.5589694979738425,
      "max": 0.5706359501875521
    },
    "structural_novelty": {
      "mean": 0.7313459703176862,
      "std": 0.005266754359544389
    },
    "edge_novelty": {
      "mean": 0.8332155098115633,
      "std": 0.004369328397843049
    },
    "bridging_novelty": {
      "mean": 0.07084311807029987,
      "std": 0.004490571696130546
    },
    "runtime": {
      "mean_ms": 8.770883622041547,
      "std_ms": 0.2669229391274464
    },
    "corpus_size": 8569,
    "eval_size": 953
  },
  "ba": {
    "n_seeds": 10,
    "overall_novelty": {
      "mean": 0.7951151916447897,
      "std": 0.03384787660670963,
      "median": 0.806566822453647,
      "min": 0.6937513916349164,
      "max": 0.8086660292908845
    },
    "structural_novelty": {
      "mean": 1.0,
      "std": 0.0
    },
    "edge_novelty": {
      "mean": 0.9791649913189737,
      "std": 1.3302468855382601e-05
    },
    "bridging_novelty": {
      "mean": 0.33788564749699274,
      "std": 0.11282897562658124
    },
    "runtime": {
      "mean_ms": 41.40885186195373,
      "std_ms": 12.4913004890594
    },
    "corpus_size": 900,
    "eval_size": 100
  },
  "citeseer": {
    "n_seeds": 10,
    "overall_novelty": {
      "mean": 0.6924279354108154,
      "std": 0.0035317474256043205,
      "median": 0.6922729010319714,
      "min": 0.6859448633421762,
      "max": 0.698374786216289
    },
    "structural_novelty": {
      "mean": 0.9959847965272838,
      "std": 0.0009985057614938678
    },
    "edge_novelty": {
      "mean": 0.8631601537068574,
      "std": 0.004805078144454725
    },
    "bridging_novelty": {
      "mean": 0.11695323562614893,
      "std": 0.011456761983233381
    },
    "runtime": {
      "mean_ms": 4.9380612461484255,
      "std_ms": 0.8363753519297459
    },
    "corpus_size": 1020,
    "eval_size": 114
  },
  "cora": {
    "n_seeds": 10,
    "overall_novelty": {
      "mean": 0.6837322100345002,
      "std": 0.00277019093502848,
      "median": 0.6829456877875748,
      "min": 0.6804465441459437,
      "max": 0.6879449825914259
    },
    "structural_novelty": {
      "mean": 0.9882329429156151,
      "std": 0.0007778185133498268
    },
    "edge_novelty": {
      "mean": 0.8901733026029024,
      "std": 0.003345407867500941
    },
    "bridging_novelty": {
      "mean": 0.07129014029127803,
      "std": 0.006763912621422015
    },
    "runtime": {
      "mean_ms": 7.997818653680777,
      "std_ms": 1.5191815181198869
    },
    "corpus_size": 1527,
    "eval_size": 170
  },
  "enzymes": {
    "n_seeds": 10,
    "overall_novelty": {
      "mean": 0.5994351072053052,
      "std": 0.00020092495417834032,
      "median": 0.599389015657575,
      "min": 0.5991887975657567,
      "max": 0.5998235283057066
    },
    "structural_novelty": {
      "mean": 0.9997780488238689,
      "std": 3.492109878572266e-05
    },
    "edge_novelty": {
      "mean": 0.6650796255858591,
      "std": 0.0006826823961271918
    },
    "bridging_novelty": {
      "mean": 0.0,
      "std": 0.0
    },
    "runtime": {
      "mean_ms": 15.27885675430298,
      "std_ms": 2.974057332357255
    },
    "corpus_size": 540,
    "eval_size": 60
  },
  "er": {
    "n_seeds": 10,
    "overall_novelty": {
      "mean": 0.8046940571956093,
      "std": 0.005518429512334809,
      "median": 0.8063121753659426,
      "min": 0.7916333527257834,
      "max": 0.8108577279429849
    },
    "structural_novelty": {
      "mean": 0.9997919241631055,
      "std": 4.618606188393005e-05
    },
    "edge_novelty": {
      "mean": 0.9791637146719326,
      "std": 8.82677433463059e-06
    },
    "bridging_novelty": {
      "mean": 0.37009391042929124,
      "std": 0.018404150917613965
    },
    "runtime": {
      "mean_ms": 27.191333770751953,
      "std_ms": 3.8331737885295367
    },
    "corpus_size": 900,
    "eval_size": 100
  },
  "protein": {
    "n_seeds": 10,
    "overall_novelty": {
      "mean": 0.6746963981458294,
      "std": 2.4135908820152237e-05,
      "median": 0.6747046186279393,
      "min": 0.6746473710333859,
      "max": 0.6747252656639601
    },
    "structural_novelty": {
      "mean": 0.999330920258747,
      "std": 5.4020358994835826e-05
    },
    "edge_novelty": {
      "mean": 0.9165467668077684,
      "std": 5.334688282832482e-05
    },
    "bridging_novelty": {
      "mean": 0.0,
      "std": 0.0
    },
    "runtime": {
      "mean_ms": 15.406363351004464,
      "std_ms": 2.9162122916274082
    },
    "corpus_size": 1001,
    "eval_size": 112
  },
  "qm9": {
    "n_seeds": 10,
    "overall_novelty": {
      "mean": 0.6294235018997969,
      "std": 0.00022556887065251413,
      "median": 0.629446313482067,
      "min": 0.6290949390378576,
      "max": 0.6298981780251431
    },
    "structural_novelty": {
      "mean": 0.98816545819484,
      "std": 5.2750687513154956e-05
    },
    "edge_novelty": {
      "mean": 0.7056422551099559,
      "std": 0.0003063548192815947
    },
    "bridging_novelty": {
      "mean": 0.07488214029624726,
      "std": 0.000446858773258538
    },
    "runtime": {
      "mean_ms": 3.0240110704491383,
      "std_ms": 0.05101773026848339
    },
    "corpus_size": 117747,
    "eval_size": 13084
  },
  "reddit": {
    "n_seeds": 10,
    "overall_novelty": {
      "mean": 0.332271,
      "std": 0.010050946384406914,
      "median": 0.33475522222222226,
      "min": 0.31466822222222224,
      "max": 0.3467711111111111
    },
    "structural_novelty": {
      "mean": 0.8306775,
      "std": 0.02512736596101727
    },
    "edge_novelty": {
      "mean": 0.0,
      "std": 0.0
    },
    "bridging_novelty": {
      "mean": 0.0,
      "std": 0.0
    },
    "runtime": {
      "mean_ms": 19.3620491027832,
      "std_ms": 9.989566590330524
    },
    "corpus_size": 36,
    "eval_size": 5
  },
  "ws": {
    "n_seeds": 10,
    "overall_novelty": {
      "mean": 0.8069852125276424,
      "std": 0.0012454746219173903,
      "median": 0.8068633731857378,
      "min": 0.8053144712647261,
      "max": 0.8092711828381245
    },
    "structural_novelty": {
      "mean": 0.9999998060684842,
      "std": 2.562957743020072e-07
    },
    "edge_novelty": {
      "mean": 0.9791672150631294,
      "std": 7.2976502608007765e-06
    },
    "bridging_novelty": {
      "mean": 0.37745041860436646,
      "std": 0.004154911528788659
    },
    "runtime": {
      "mean_ms": 40.3327271938324,
      "std_ms": 10.354760221607881
    },
    "corpus_size": 900,
    "eval_size": 100
  },
  "zinc": {
    "n_seeds": 10,
    "overall_novelty": {
      "mean": 0.635946302116974,
      "std": 0.0011004230397918676,
      "median": 0.6356724056708548,
      "min": 0.6344437407783426,
      "max": 0.6386867868575907
    },
    "structural_novelty": {
      "mean": 0.9872157820943321,
      "std": 0.00010574180094899212
    },
    "edge_novelty": {
      "mean": 0.7009488256005696,
      "std": 0.001864196733320421
    },
    "bridging_novelty": {
      "mean": 0.10258447199690127,
      "std": 0.0021573800825139965
    },
    "runtime": {
      "mean_ms": 4.170907664299011,
      "std_ms": 0.6880098201881166
    },
    "corpus_size": 9000,
    "eval_size": 1000
  }
}