{
  "dataset": "ws",
  "seed": 8,
  "k": 3,
  "weights": {
    "structural": 0.4,
    "edge": 0.3,
    "bridging": 0.3
  },
  "corpus_size": 900,
  "eval_size": 100,
  "init_time_seconds": 33.05338740348816,
  "novelty_scores": {
    "mean": 0.8063904903337824,
    "std": 0.016202426854361057,
    "median": 0.808010127451399,
    "min": 0.7589360259246093,
    "max": 0.8549661685190731,
    "q25": 0.7971845926153822,
    "q75": 0.8154922401276804
  },
  "component_scores": {
    "structural": {
      "mean": 0.9999994236382425,
      "std": 5.734727080157338e-06
    },
    "edge": {
      "mean": 0.9791655959105977,
      "std": 5.827567729534872e-05
    },
    "bridging": {
      "mean": 0.37547014035102116,
      "std": 0.05402030507985905
    }
  },
  "runtime": {
    "mean_seconds": 0.02673651456832886,
    "total_seconds": 2.6736514568328857,
    "graphs_per_second": 37.40203299290795
  }
}