{
  "dataset": "ws",
  "seed": 9,
  "k": 3,
  "weights": {
    "structural": 0.4,
    "edge": 0.3,
    "bridging": 0.3
  },
  "corpus_size": 900,
  "eval_size": 100,
  "init_time_seconds": 36.9803626537323,
  "novelty_scores": {
    "mean": 0.8055731567254439,
    "std": 0.016773132720050894,
    "median": 0.8052022384901103,
    "min": 0.7670234109813083,
    "max": 0.8527312155401335,
    "q25": 0.7959816693648589,
    "q75": 0.8187067153643418
  },
  "component_scores": {
    "structural": {
      "mean": 0.9999999921318574,
      "std": 7.828702960505942e-08
    },
    "edge": {
      "mean": 0.9791870360712537,
      "std": 0.00014309648998940734
    },
    "bridging": {
      "mean": 0.37272349683774975,
      "std": 0.055968827251690834
    }
  },
  "runtime": {
    "mean_seconds": 0.041874887943267824,
    "total_seconds": 4.187488794326782,
    "graphs_per_second": 23.880660919136115
  }
}