{
  "dataset": "ws",
  "seed": 6,
  "k": 3,
  "weights": {
    "structural": 0.4,
    "edge": 0.3,
    "bridging": 0.3
  },
  "corpus_size": 900,
  "eval_size": 100,
  "init_time_seconds": 34.30292320251465,
  "novelty_scores": {
    "mean": 0.8079287751010038,
    "std": 0.014307979108479479,
    "median": 0.8079384003783086,
    "min": 0.7542222965877751,
    "max": 0.853793276992685,
    "q25": 0.800069700229865,
    "q75": 0.8163443895776736
  },
  "component_scores": {
    "structural": {
      "mean": 1.0,
      "std": 0.0
    },
    "edge": {
      "mean": 0.9791669856229376,
      "std": 9.678150037211774e-05
    },
    "bridging": {
      "mean": 0.3805955980470755,
      "std": 0.04767233356165713
    }
  },
  "runtime": {
    "mean_seconds": 0.03628807783126831,
    "total_seconds": 3.628807783126831,
    "graphs_per_second": 27.55726011859275
  }
}