{
  "dataset": "ws",
  "seed": 1,
  "k": 3,
  "weights": {
    "structural": 0.4,
    "edge": 0.3,
    "bridging": 0.3
  },
  "corpus_size": 900,
  "eval_size": 100,
  "init_time_seconds": 34.969120264053345,
  "novelty_scores": {
    "mean": 0.8062451320376047,
    "std": 0.016987669962164696,
    "median": 0.8090113512110912,
    "min": 0.7238066437883665,
    "max": 0.8381781563611562,
    "q25": 0.7996261269636065,
    "q75": 0.8155965253820628
  },
  "component_scores": {
    "structural": {
      "mean": 0.9999998145631119,
      "std": 1.231437079305913e-06
    },
    "edge": {
      "mean": 0.9791722382810878,
      "std": 5.2825121029441646e-05
    },
    "bridging": {
      "mean": 0.37497844909344513,
      "std": 0.05664025345287372
    }
  },
  "runtime": {
    "mean_seconds": 0.037191519737243654,
    "total_seconds": 3.7191519737243652,
    "graphs_per_second": 26.887849893334643
  }
}