{
  "dataset": "ws",
  "seed": 4,
  "k": 3,
  "weights": {
    "structural": 0.4,
    "edge": 0.3,
    "bridging": 0.3
  },
  "corpus_size": 900,
  "eval_size": 100,
  "init_time_seconds": 36.262253522872925,
  "novelty_scores": {
    "mean": 0.8077439417856866,
    "std": 0.019323302471683138,
    "median": 0.8090867036248808,
    "min": 0.7656487576198958,
    "max": 0.8544377131682932,
    "q25": 0.7961374414183674,
    "q75": 0.819632644127777
  },
  "component_scores": {
    "structural": {
      "mean": 0.9999992217370558,
      "std": 7.670543923545852e-06
    },
    "edge": {
      "mean": 0.9791653013208339,
      "std": 5.7722674501812334e-05
    },
    "bridging": {
      "mean": 0.37998220898204704,
      "std": 0.0644428758369237
    }
  },
  "runtime": {
    "mean_seconds": 0.03259095191955566,
    "total_seconds": 3.2590951919555664,
    "graphs_per_second": 30.68336274645499
  }
}