{
  "dataset": "ws",
  "seed": 3,
  "k": 3,
  "weights": {
    "structural": 0.4,
    "edge": 0.3,
    "bridging": 0.3
  },
  "corpus_size": 900,
  "eval_size": 100,
  "init_time_seconds": 34.14351272583008,
  "novelty_scores": {
    "mean": 0.808250622508146,
    "std": 0.017901911706348743,
    "median": 0.8091965580570368,
    "min": 0.7616642586084819,
    "max": 0.8425864373294433,
    "q25": 0.7946115279840432,
    "q75": 0.8212431315089209
  },
  "component_scores": {
    "structural": {
      "mean": 0.999999948975036,
      "std": 5.076919812302818e-07
    },
    "edge": {
      "mean": 0.9791613679025272,
      "std": 0.00012120206489534502
    },
    "bridging": {
      "mean": 0.38167410849124506,
      "std": 0.059620345909120506
    }
  },
  "runtime": {
    "mean_seconds": 0.04124507188796997,
    "total_seconds": 4.124507188796997,
    "graphs_per_second": 24.245320815931755
  }
}