{
  "dataset": "ws",
  "seed": 0,
  "k": 3,
  "weights": {
    "structural": 0.4,
    "edge": 0.3,
    "bridging": 0.3
  },
  "corpus_size": 900,
  "eval_size": 100,
  "init_time_seconds": 36.65663552284241,
  "novelty_scores": {
    "mean": 0.8092711828381245,
    "std": 0.03034488233602057,
    "median": 0.8087054850454579,
    "min": 0.7354149333069201,
    "max": 0.9020604694928686,
    "q25": 0.7886088297640458,
    "q75": 0.8266140531665245
  },
  "component_scores": {
    "structural": {
      "mean": 0.9999999790237033,
      "std": 1.6000346497781446e-07
    },
    "edge": {
      "mean": 0.9791630100391245,
      "std": 8.806719057602631e-05
    },
    "bridging": {
      "mean": 0.38507429405635285,
      "std": 0.10118901762268252
    }
  },
  "runtime": {
    "mean_seconds": 0.031248853206634522,
    "total_seconds": 3.124885320663452,
    "graphs_per_second": 32.00117435950217
  }
}