{
  "dataset": "ws",
  "seed": 5,
  "k": 3,
  "weights": {
    "structural": 0.4,
    "edge": 0.3,
    "bridging": 0.3
  },
  "corpus_size": 900,
  "eval_size": 100,
  "init_time_seconds": 39.890700340270996,
  "novelty_scores": {
    "mean": 0.8057980966442124,
    "std": 0.021228080151351907,
    "median": 0.8049532912975856,
    "min": 0.7552789997285126,
    "max": 0.8615533232495013,
    "q25": 0.7917036478097016,
    "q75": 0.8189921303689774
  },
  "component_scores": {
    "structural": {
      "mean": 0.9999997829142759,
      "std": 2.0476560966822303e-06
    },
    "edge": {
      "mean": 0.9791667705031364,
      "std": 8.464801293789967e-05
    },
    "bridging": {
      "mean": 0.37349384109187056,
      "std": 0.07079889194495385
    }
  },
  "runtime": {
    "mean_seconds": 0.0601338005065918,
    "total_seconds": 6.01338005065918,
    "graphs_per_second": 16.62958255715737
  }
}