{
  "dataset": "ws",
  "seed": 7,
  "k": 3,
  "weights": {
    "structural": 0.4,
    "edge": 0.3,
    "bridging": 0.3
  },
  "corpus_size": 900,
  "eval_size": 100,
  "init_time_seconds": 38.891013622283936,
  "novelty_scores": {
    "mean": 0.8053144712647261,
    "std": 0.02173933376712322,
    "median": 0.8047975837281064,
    "min": 0.7616216133220387,
    "max": 0.8745674939408552,
    "q25": 0.7952342592233845,
    "q75": 0.8151840157148939
  },
  "component_scores": {
    "structural": {
      "mean": 0.9999998977015586,
      "std": 1.0178566400989198e-06
    },
    "edge": {
      "mean": 0.9791618143375251,
      "std": 0.00011093572102160374
    },
    "bridging": {
      "mean": 0.3718865596094835,
      "std": 0.07249660609397945
    }
  },
  "runtime": {
    "mean_seconds": 0.058146305084228515,
    "total_seconds": 5.814630508422852,
    "graphs_per_second": 17.19799733708682
  }
}