{
  "dataset": "ws",
  "seed": 2,
  "k": 3,
  "weights": {
    "structural": 0.4,
    "edge": 0.3,
    "bridging": 0.3
  },
  "corpus_size": 900,
  "eval_size": 100,
  "init_time_seconds": 35.941468238830566,
  "novelty_scores": {
    "mean": 0.8073362560376932,
    "std": 0.014990050829642628,
    "median": 0.8056347671101354,
    "min": 0.7740527937814063,
    "max": 0.8511033221118848,
    "q25": 0.7945822107573954,
    "q75": 0.8188039279175473
  },
  "component_scores": {
    "structural": {
      "mean": 1.0,
      "std": 0.0
    },
    "edge": {
      "mean": 0.9791620306422704,
      "std": 8.13694408339085e-05
    },
    "bridging": {
      "mean": 0.3786254894833745,
      "std": 0.049935359603748
    }
  },
  "runtime": {
    "mean_seconds": 0.037871289253234866,
    "total_seconds": 3.7871289253234863,
    "graphs_per_second": 26.405227276876577
  }
}