{
  "dataset": "zinc",
  "seed": 5,
  "k": 3,
  "weights": {
    "structural": 0.4,
    "edge": 0.3,
    "bridging": 0.3
  },
  "corpus_size": 9000,
  "eval_size": 1000,
  "init_time_seconds": 46.385820150375366,
  "novelty_scores": {
    "mean": 0.6367346912077311,
    "std": 0.03804727943124441,
    "median": 0.6309511456144916,
    "min": 0.5427240481332336,
    "max": 0.8038225912474022,
    "q25": 0.6103151195206573,
    "q75": 0.6580775593308861
  },
  "component_scores": {
    "structural": {
      "mean": 0.9871065157086127,
      "std": 0.004180456802968552
    },
    "edge": {
      "mean": 0.7023973524844935,
      "std": 0.06254402885670293
    },
    "bridging": {
      "mean": 0.10390959726312639,
      "std": 0.07709255112620596
    }
  },
  "runtime": {
    "mean_seconds": 0.0031129097938537597,
    "total_seconds": 3.1129097938537598,
    "graphs_per_second": 321.24284551207865
  }
}