{
  "dataset": "zinc",
  "seed": 0,
  "k": 3,
  "weights": {
    "structural": 0.4,
    "edge": 0.3,
    "bridging": 0.3
  },
  "corpus_size": 9000,
  "eval_size": 1000,
  "init_time_seconds": 48.168084383010864,
  "novelty_scores": {
    "mean": 0.6355656602199306,
    "std": 0.038182604868287805,
    "median": 0.6310319119774053,
    "min": 0.5385384953832449,
    "max": 0.7878749782281709,
    "q25": 0.6087388315558833,
    "q75": 0.6568557234091481
  },
  "component_scores": {
    "structural": {
      "mean": 0.9871913563947508,
      "std": 0.004128346650509824
    },
    "edge": {
      "mean": 0.7006771907635216,
      "std": 0.062456031026418585
    },
    "bridging": {
      "mean": 0.10161986810991243,
      "std": 0.0764127503753371
    }
  },
  "runtime": {
    "mean_seconds": 0.0038032729625701906,
    "total_seconds": 3.8032729625701904,
    "graphs_per_second": 262.9314303342078
  }
}