{
  "dataset": "zinc",
  "seed": 2,
  "k": 3,
  "weights": {
    "structural": 0.4,
    "edge": 0.3,
    "bridging": 0.3
  },
  "corpus_size": 9000,
  "eval_size": 1000,
  "init_time_seconds": 50.82833528518677,
  "novelty_scores": {
    "mean": 0.6354482959321047,
    "std": 0.035400211970914607,
    "median": 0.6327899444592269,
    "min": 0.5423515553612304,
    "max": 0.7878887223463581,
    "q25": 0.609490250926543,
    "q75": 0.657042607903094
  },
  "component_scores": {
    "structural": {
      "mean": 0.987221475511321,
      "std": 0.003992743954903733
    },
    "edge": {
      "mean": 0.7010565070706231,
      "std": 0.05982933500909286
    },
    "bridging": {
      "mean": 0.10080917868796484,
      "std": 0.07110388115057695
    }
  },
  "runtime": {
    "mean_seconds": 0.002925011873245239,
    "total_seconds": 2.9250118732452393,
    "graphs_per_second": 341.87895411532844
  }
}