{
  "dataset": "zinc",
  "seed": 7,
  "k": 3,
  "weights": {
    "structural": 0.4,
    "edge": 0.3,
    "bridging": 0.3
  },
  "corpus_size": 9000,
  "eval_size": 1000,
  "init_time_seconds": 44.42914891242981,
  "novelty_scores": {
    "mean": 0.6353656367033809,
    "std": 0.036539256844780835,
    "median": 0.6322258681702502,
    "min": 0.5477083771105398,
    "max": 0.7830037981162564,
    "q25": 0.6084729448735393,
    "q75": 0.6577360498270853
  },
  "component_scores": {
    "structural": {
      "mean": 0.9871249662107886,
      "std": 0.003907822109903172
    },
    "edge": {
      "mean": 0.7003123049976916,
      "std": 0.06137326570757241
    },
    "bridging": {
      "mean": 0.10140652906585991,
      "std": 0.07252539057921258
    }
  },
  "runtime": {
    "mean_seconds": 0.004852644920349121,
    "total_seconds": 4.852644920349121,
    "graphs_per_second": 206.07318615186367
  }
}