{
  "dataset": "zinc",
  "seed": 6,
  "k": 3,
  "weights": {
    "structural": 0.4,
    "edge": 0.3,
    "bridging": 0.3
  },
  "corpus_size": 9000,
  "eval_size": 1000,
  "init_time_seconds": 49.186198234558105,
  "novelty_scores": {
    "mean": 0.6360414403712202,
    "std": 0.03602635047028084,
    "median": 0.6327042172656581,
    "min": 0.5585981294081379,
    "max": 0.8027952336860834,
    "q25": 0.6098401914007501,
    "q75": 0.6572373542867093
  },
  "component_scores": {
    "structural": {
      "mean": 0.9871123804119982,
      "std": 0.004145330038452663
    },
    "edge": {
      "mean": 0.7005631639491123,
      "std": 0.05996269399659328
    },
    "bridging": {
      "mean": 0.10342513007229041,
      "std": 0.07298458734566692
    }
  },
  "runtime": {
    "mean_seconds": 0.004459287166595459,
    "total_seconds": 4.459287166595459,
    "graphs_per_second": 224.25108826608087
  }
}