{
  "dataset": "zinc",
  "seed": 3,
  "k": 3,
  "weights": {
    "structural": 0.4,
    "edge": 0.3,
    "bridging": 0.3
  },
  "corpus_size": 9000,
  "eval_size": 1000,
  "init_time_seconds": 46.70761466026306,
  "novelty_scores": {
    "mean": 0.6363431058694112,
    "std": 0.035704527832015574,
    "median": 0.6334925058983301,
    "min": 0.5383416982940009,
    "max": 0.7731661205192306,
    "q25": 0.6102588743817843,
    "q75": 0.6567860601493736
  },
  "component_scores": {
    "structural": {
      "mean": 0.9871873832663122,
      "std": 0.004168436155203184
    },
    "edge": {
      "mean": 0.7030834163165541,
      "std": 0.05959215877773815
    },
    "bridging": {
      "mean": 0.10181042555973409,
      "std": 0.0723208251683371
    }
  },
  "runtime": {
    "mean_seconds": 0.004678957223892212,
    "total_seconds": 4.678957223892212,
    "graphs_per_second": 213.7228344156875
  }
}