{
  "dataset": "zinc",
  "seed": 9,
  "k": 3,
  "weights": {
    "structural": 0.4,
    "edge": 0.3,
    "bridging": 0.3
  },
  "corpus_size": 9000,
  "eval_size": 1000,
  "init_time_seconds": 50.2619206905365,
  "novelty_scores": {
    "mean": 0.6350545121082499,
    "std": 0.037452673987553614,
    "median": 0.6314450781204495,
    "min": 0.5587817183384907,
    "max": 0.8045608773329443,
    "q25": 0.6074943699201543,
    "q75": 0.6583953447328604
  },
  "component_scores": {
    "structural": {
      "mean": 0.9871245646204302,
      "std": 0.004116924519410619
    },
    "edge": {
      "mean": 0.6984175531829726,
      "std": 0.06106788848467942
    },
    "bridging": {
      "mean": 0.10226473435062004,
      "std": 0.07590111506689225
    }
  },
  "runtime": {
    "mean_seconds": 0.005124718427658081,
    "total_seconds": 5.124718427658081,
    "graphs_per_second": 195.13267199286594
  }
}