{
  "dataset": "zinc",
  "seed": 4,
  "k": 3,
  "weights": {
    "structural": 0.4,
    "edge": 0.3,
    "bridging": 0.3
  },
  "corpus_size": 9000,
  "eval_size": 1000,
  "init_time_seconds": 50.952841997146606,
  "novelty_scores": {
    "mean": 0.6357791511217791,
    "std": 0.03778599350989673,
    "median": 0.6321234669311185,
    "min": 0.5409131299947156,
    "max": 0.8070596989006907,
    "q25": 0.6083482162699305,
    "q75": 0.6586966136076793
  },
  "component_scores": {
    "structural": {
      "mean": 0.9874266669696294,
      "std": 0.004118301713206093
    },
    "edge": {
      "mean": 0.6992764776317965,
      "std": 0.061568949309043615
    },
    "bridging": {
      "mean": 0.10341847014796147,
      "std": 0.07608124594986672
    }
  },
  "runtime": {
    "mean_seconds": 0.003965171337127685,
    "total_seconds": 3.9651713371276855,
    "graphs_per_second": 252.19591159568554
  }
}