{
  "dataset": "zinc",
  "seed": 8,
  "k": 3,
  "weights": {
    "structural": 0.4,
    "edge": 0.3,
    "bridging": 0.3
  },
  "corpus_size": 9000,
  "eval_size": 1000,
  "init_time_seconds": 46.535271406173706,
  "novelty_scores": {
    "mean": 0.6386867868575907,
    "std": 0.037372089678098804,
    "median": 0.6346100212443928,
    "min": 0.5405234427416253,
    "max": 0.7785031072956776,
    "q25": 0.6123168121036596,
    "q75": 0.6609045836704316
  },
  "component_scores": {
    "structural": {
      "mean": 0.9873269133105643,
      "std": 0.003990358361584314
    },
    "edge": {
      "mean": 0.7047350473199017,
      "std": 0.06178025179765682
    },
    "bridging": {
      "mean": 0.10778502445798194,
      "std": 0.07611208405860066
    }
  },
  "runtime": {
    "mean_seconds": 0.004207086563110351,
    "total_seconds": 4.207086563110352,
    "graphs_per_second": 237.69418218499587
  }
}