{
  "dataset": "zinc",
  "seed": 1,
  "k": 3,
  "weights": {
    "structural": 0.4,
    "edge": 0.3,
    "bridging": 0.3
  },
  "corpus_size": 9000,
  "eval_size": 1000,
  "init_time_seconds": 44.89335584640503,
  "novelty_scores": {
    "mean": 0.6344437407783426,
    "std": 0.035922936279218144,
    "median": 0.6311669098247034,
    "min": 0.538648483678367,
    "max": 0.7951738735319325,
    "q25": 0.6085720712940917,
    "q75": 0.6565176071777243
  },
  "component_scores": {
    "structural": {
      "mean": 0.9873355985389151,
      "std": 0.004028510149914913
    },
    "edge": {
      "mean": 0.6989692422890278,
      "std": 0.06015463795678053
    },
    "bridging": {
      "mean": 0.09939576225356113,
      "std": 0.07204610074105292
    }
  },
  "runtime": {
    "mean_seconds": 0.004580016374588013,
    "total_seconds": 4.580016374588013,
    "graphs_per_second": 218.33983073694867
  }
}