{
  "zinc": {
    "SET": {
      "mean": 1.0,
      "std": 0.0,
      "median": 1.0,
      "min": 1.0,
      "max": 1.0,
      "runtime_seconds": 0.18793630599975586,
      "runtime_per_graph_ms": 1.8793630599975586
    },
    "GED": {
      "mean": 0.48787044192960266,
      "std": 0.07704711494644396,
      "median": 0.4821200510855683,
      "min": 0.3076923076923077,
      "max": 0.6428571428571429,
      "runtime_seconds": 0.148162841796875,
      "runtime_per_graph_ms": 1.48162841796875
    },
    "MMD": {
      "mean": 0.3580517476896838,
      "std": 0.193207807777773,
      "median": 0.300898834867968,
      "min": 0.09388183059195417,
      "max": 1.0,
      "runtime_seconds": 0.13480114936828613,
      "runtime_per_graph_ms": 1.3480114936828613
    },
    "KERNEL": {
      "mean": 0.41687612837790783,
      "std": 0.11544310676114142,
      "median": 0.4090795575916081,
      "min": 0.19161755031842198,
      "max": 0.703072156575664,
      "runtime_seconds": 0.3327162265777588,
      "runtime_per_graph_ms": 3.327162265777588
    },
    "EMB": {
      "mean": 0.06550846166308658,
      "std": 0.1646226717561783,
      "median": 0.0,
      "min": 0.0,
      "max": 1.0,
      "runtime_seconds": 0.04051804542541504,
      "runtime_per_graph_ms": 0.4051804542541504
    }
  },
  "cora": {
    "SET": {
      "mean": 0.87,
      "std": 0.33630343441600474,
      "median": 1.0,
      "min": 0.0,
      "max": 1.0,
      "runtime_seconds": 0.24528217315673828,
      "runtime_per_graph_ms": 2.452821731567383
    },
    "GED": {
      "mean": 0.844834601700486,
      "std": 0.37227536136304773,
      "median": 1.0584239130434783,
      "min": 0.0,
      "max": 1.2282608695652173,
      "runtime_seconds": 0.22409772872924805,
      "runtime_per_graph_ms": 2.2409772872924805
    },
    "MMD": {
      "mean": 0.5160193136945052,
      "std": 0.23372575842369359,
      "median": 0.45579308288951037,
      "min": 0.15339108739661453,
      "max": 1.0,
      "runtime_seconds": 0.1813066005706787,
      "runtime_per_graph_ms": 1.813066005706787
    },
    "KERNEL": {
      "mean": 0.4605482675707025,
      "std": 0.2397703146869163,
      "median": 0.5096944816625455,
      "min": -2.220446049250313e-16,
      "max": 0.8836894737001911,
      "runtime_seconds": 0.3463151454925537,
      "runtime_per_graph_ms": 3.463151454925537
    },
    "EMB": {
      "mean": 0.25390412111985006,
      "std": 0.18815843200974963,
      "median": 0.2604571288138582,
      "min": 0.0,
      "max": 1.0,
      "runtime_seconds": 0.042092084884643555,
      "runtime_per_graph_ms": 0.42092084884643555
    }
  },
  "citeseer": {
    "SET": {
      "mean": 0.76,
      "std": 0.4270831300812525,
      "median": 1.0,
      "min": 0.0,
      "max": 1.0,
      "runtime_seconds": 0.19561982154846191,
      "runtime_per_graph_ms": 1.956198215484619
    },
    "GED": {
      "mean": 0.9466137260028563,
      "std": 0.2354804317009531,
      "median": 1.0492957746478873,
      "min": 0.0,
      "max": 1.1923076923076923,
      "runtime_seconds": 0.17695403099060059,
      "runtime_per_graph_ms": 1.7695403099060059
    },
    "MMD": {
      "mean": 0.4064447091533008,
      "std": 0.17111433002360896,
      "median": 0.3807380820163274,
      "min": 0.11674646187848171,
      "max": 1.0,
      "runtime_seconds": 0.1490497589111328,
      "runtime_per_graph_ms": 1.4904975891113281
    },
    "KERNEL": {
      "mean": 0.5661765869157793,
      "std": 0.19158314587859399,
      "median": 0.578854450827357,
      "min": -2.220446049250313e-16,
      "max": 0.944250532666194,
      "runtime_seconds": 0.2496798038482666,
      "runtime_per_graph_ms": 2.496798038482666
    },
    "EMB": {
      "mean": 0.1415827323296,
      "std": 0.15983772598496154,
      "median": 0.14183723615194127,
      "min": 0.0,
      "max": 1.0,
      "runtime_seconds": 0.04035806655883789,
      "runtime_per_graph_ms": 0.4035806655883789
    }
  },
  "enzymes": {
    "SET": {
      "mean": 0.9833333333333333,
      "std": 0.12801909579781015,
      "median": 1.0,
      "min": 0.0,
      "max": 1.0,
      "runtime_seconds": 0.1859760284423828,
      "runtime_per_graph_ms": 3.0996004740397134
    },
    "GED": {
      "mean": 0.9002947544924779,
      "std": 0.20783482080159282,
      "median": 0.9612991538078646,
      "min": 0.0,
      "max": 1.1408450704225352,
      "runtime_seconds": 0.18064355850219727,
      "runtime_per_graph_ms": 3.010725975036621
    },
    "MMD": {
      "mean": 0.3658174037896406,
      "std": 0.16768452721298624,
      "median": 0.32390015526480603,
      "min": 0.15617130631083484,
      "max": 1.0,
      "runtime_seconds": 0.13199830055236816,
      "runtime_per_graph_ms": 2.1999716758728027
    },
    "KERNEL": {
      "mean": 0.495976730059029,
      "std": 0.10634917077663818,
      "median": 0.5055672368877435,
      "min": 0.188364208718232,
      "max": 0.7133768792724338,
      "runtime_seconds": 0.24769163131713867,
      "runtime_per_graph_ms": 4.1281938552856445
    },
    "EMB": {
      "mean": 0.2449620014562451,
      "std": 0.1546780365721964,
      "median": 0.24051449482769685,
      "min": 0.0,
      "max": 1.0,
      "runtime_seconds": 0.02064967155456543,
      "runtime_per_graph_ms": 0.3441611925760905
    }
  },
  "er": {
    "SET": {
      "mean": 1.0,
      "std": 0.0,
      "median": 1.0,
      "min": 1.0,
      "max": 1.0,
      "runtime_seconds": 0.5245952606201172,
      "runtime_per_graph_ms": 5.245952606201172
    },
    "GED": {
      "mean": 0.9835226707868858,
      "std": 0.04123222991324942,
      "median": 0.9915284615016967,
      "min": 0.6875,
      "max": 1.0416666666666667,
      "runtime_seconds": 0.49437618255615234,
      "runtime_per_graph_ms": 4.943761825561523
    },
    "MMD": {
      "mean": 0.5293791479434141,
      "std": 0.21574643366215124,
      "median": 0.5233256049563255,
      "min": 0.10682873861411693,
      "max": 1.0,
      "runtime_seconds": 0.39272189140319824,
      "runtime_per_graph_ms": 3.9272189140319824
    },
    "KERNEL": {
      "mean": 0.9213959661749546,
      "std": 0.11174797376304785,
      "median": 0.9641334200995197,
      "min": 0.3448586914808631,
      "max": 0.9930555555555556,
      "runtime_seconds": 0.5393052101135254,
      "runtime_per_graph_ms": 5.393052101135254
    },
    "EMB": {
      "mean": 0.47055216545138717,
      "std": 0.24536847899566241,
      "median": 0.5015732132231285,
      "min": 0.0,
      "max": 1.0,
      "runtime_seconds": 0.0387728214263916,
      "runtime_per_graph_ms": 0.387728214263916
    }
  },
  "ba": {
    "SET": {
      "mean": 1.0,
      "std": 0.0,
      "median": 1.0,
      "min": 1.0,
      "max": 1.0,
      "runtime_seconds": 0.49454545974731445,
      "runtime_per_graph_ms": 4.9454545974731445
    },
    "GED": {
      "mean": 0.9682940499760175,
      "std": 0.06643679711170475,
      "median": 0.9702020202020202,
      "min": 0.8095238095238095,
      "max": 1.148936170212766,
      "runtime_seconds": 0.42206645011901855,
      "runtime_per_graph_ms": 4.2206645011901855
    },
    "MMD": {
      "mean": 0.4790320159235694,
      "std": 0.17783534294176104,
      "median": 0.46177257377827846,
      "min": 0.13100163450422864,
      "max": 1.0,
      "runtime_seconds": 0.3269686698913574,
      "runtime_per_graph_ms": 3.269686698913574
    },
    "KERNEL": {
      "mean": 0.9070843560508791,
      "std": 0.04640345949259303,
      "median": 0.9257821401263533,
      "min": 0.7772286668837858,
      "max": 0.9696799503020289,
      "runtime_seconds": 0.6137354373931885,
      "runtime_per_graph_ms": 6.137354373931885
    },
    "EMB": {
      "mean": 0.28809612241672605,
      "std": 0.1288917669231147,
      "median": 0.25425728477556697,
      "min": 0.1132810555303022,
      "max": 1.0,
      "runtime_seconds": 0.042200565338134766,
      "runtime_per_graph_ms": 0.42200565338134766
    }
  },
  "ws": {
    "SET": {
      "mean": 1.0,
      "std": 0.0,